Paper,Organism,Raw data avilable on DRYAD,Gmatrix,cormatrix,directory,data link,Reference,Taxon1,Taxon2,Title,Pmatrix,Means,Paper Link,full reference,Email,
And1996,Saxifraga.granulata,0,0,1,NA,NA,Andersson.1996.Her,P,P,"Floral variation in Saxifraga granulata: phenotypic selection, quantitative genetics and predicted response to selection",1,1,10.1038/hdy.1996.127,"Andersson, S. 1996, ""Floral variation in Saxifraga granulata: phenotypic selection, quantitative genetics and predicted response to selection"", Heredity, vol. 77, no. 2, pp. 217-223.",NA,
And1997,Nigella.degenii,0,1,1,NA,NA,Andersson.1997.BJLS,P,P,Genetic constraints on phenotypic evolution in Nigella (Ranunculaceae),1,0.5,10.1111/j.1095-8312.1997.tb00319.x,"Andersson, S. 1997, ""Genetic constraints on phenotypic evolution in Nigella (Ranunculaceae)"", Biological Journal of the Linnean Society, vol. 62, no. 4, pp. 519-532.",NA,
Arn1999,Thamnophis.elegans,0,1,1,NA,NA,Arnold.Phillips.1999.Evo,V,A,Hierarchical Comparison of Genetic Variance-Covariance Matrices. I. Using the Flury Hierarchy,0,0,http://www.jstor.org/stable/2640896,"Phillips, P.C. & Arnold, S.J. 1999, ""Hierarchical Comparison of Genetic Variance-Covariance Matrices. I. Using the Flury Hierarchy"", Evolution, vol. 53, no. 5, pp. 1506-1515",NA,
Ash1999,Fragaria.virginiana,0,0,1,NA,NA,Ashman.1999.Her,P,P,Quantitative genetics of floral traits in a gynodioecious wild strawberry Fragaria virginiana: implications for the independent evolution of female and hermaphrodite floral phenotypes,1,1,10.1038/sj.hdy.6886390,"Ashman, T.L. 1999, ""Quantitative genetics of floral traits in a gynodioecious wild strawberry Fragaria virginiana: implications for the independent evolution of female and hermaphrodite floral phenotypes"", Heredity, vol. 83 ( Pt 6), no. 6, pp. 733-741.",NA,
Ash2003,Fragaria.virginiana,0,0,1,NA,NA,Ashman.2003.Evo,P,P,CONSTRAINTS ON THE EVOLUTION OF MALES AND SEXUAL DIMORPHISM: FIELD ESTIMATES OF GENETIC ARCHITECTURE OF REPRODUCTIVE TRAITS IN THREE POPULATIONS OF GYNODIOECIOUS FRAGARIA VIRGINIANA,1,1,10.1554/02-493,"Ashman, T. 2003, ""CONSTRAINTS ON THE EVOLUTION OF MALES AND SEXUAL DIMORPHISM: FIELD ESTIMATES OF GENETIC ARCHITECTURE OF REPRODUCTIVE TRAITS IN THREE POPULATIONS OF GYNODIOECIOUS FRAGARIA VIRGINIANA"", Evolution, vol. 57, no. 9, pp. 2012-2025.",NA,
Beg2001,Gryllus.pennsylvanicus,0,1,1,NA,NA,Begin.Roff.2001,I,A,"An analysis of G matrix variation in two closely related cricket species, Gryllus firmus and G. pennsylvanicus",0,0,10.1046/j.1420-9101.2001.00258.x,"BÈgin, M. & Roff, D.A. 2001, ""An analysis of G matrix variation in two closely related cricket species, Gryllus firmus and G. pennsylvanicus"", Journal of Evolutionary Biology, vol. 14, no. 1, pp. 1-13.",NA,
Beg2003,Gryllus.pennsylvanicus,0,1,1,NA,NA,Begin.Roff.2003,I,A,The constancy of the G matrix through sepcies divergence and the effects of quantitative genetic constraints on phenotypic evolution: A case study in crickets,1,1,http://www.jstor.org/stable/3448810,"BÈgin, M. & Roff, D.A. 2003, ""THE CONSTANCY OF THE G MATRIX THROUGH SPECIES DIVERGENCE AND THE EFFECTS OF QUANTITATIVE GENETIC CONSTRAINTS ON PHENOTYPIC EVOLUTION: A CASE STUDY IN CRICKETS"", Evolution, vol. 57, no. 5, pp. 1107-1120.",NA,
Beg2004,Gryllus.firmus,0,1,1,NA,NA,Begin.et.al.2004,I,A,"The effect of temperature and wing morphology on quantitative genetic variation in the cricket Gryllus firmus, with an appendix examining the statistical properties of the Jackknife-MANOVA method of matrix comparison",1,0,10.1111/j.1420-9101.2004.00772.x,"BÈgin, M., Roff, D.A. & Debat, V. 2004, ""The effect of temperature and wing morphology on quantitative genetic variation in the cricket Gryllus firmus, with an appendix examining the statistical properties of the Jackknife-MANOVA method of matrix comparison"", Journal of Evolutionary Biology, vol. 17, no. 6, pp. 1255-1267.",NA,
BeRo200,Teleogryllus.oceanicus,0,1,1,NA,NA,Begin.Roff.2004,I,A,From Micro- To Macroevolution Through Quantitative Genetic Variation: Positive Evidence From Field Crickets,0,1,10.1043/0014-3820(2004)058<2287:FMTMTQ>2.0.CO;,"Begin, M. & Roff, D. 2004, ""From Micro- To Macroevolution Through Quantitative Genetic Variation: Positive Evidence From Field Crickets"", Evolution, vol. 58, no. 10, pp. 2287-2304.",NA,
Bir2005,Taeniopygia.guttata,0,0,1,NA,NA,Birkhead.et.al.2005.Nat,V,A,Genetic effects on sperm design in the zebra finch,0,1,10.1038/nature03374,"Birkhead, T.R., Pellatt, E.J., Brekke, P., Yeates, R. & Castillo-Juarez, H. 2005, ""Genetic effects on sperm design in the zebra finch"", Nature, vol. 434, no. 7031, pp. 383-387.",NA,
Blo2003,Drosophila.serrata,0,1,1,NA,NA,Blows.Higgie.2003,I,A,Genetic Constraints on the Evolution of Mate Recognition under Natural Selection,0,0,10.1086/345783,"Blows, M.W. & Higgie, M. 2003, ""Genetic Constraints on the Evolution of Mate Recognition under Natural Selection"", The American Naturalist, vol. 161, no. 2, pp. 240-253.",NA,
Blo2004,Drosophila.serrata,0,0,1,NA,NA,Blows.et.al.2004.Am.Nat,I,A,Orientation of the Genetic Variance-Covariance Matrix and the Fitness Surface for Multiple Male Sexually Selected Traits,0.5,0,10.1086/381941,"Blows, M.W., Chenoweth, S.F. & Hine, E. 2004, ""Orientation of the Genetic Variance?Covariance Matrix and the Fitness Surface for Multiple Male Sexually Selected Traits"", The American Naturalist, vol. 163, no. 3, pp. 329-340.",NA,
Bon2005,Prochyliza.xanthostoma,0,0,1,NA,NA,Bonduriansky.Rowe.2005.Evo,I,A,"SEXUAL SELECTION, GENETIC ARCHITECTURE, AND THE CONDITION DEPENDENCE OF BODY SHAPE IN THE SEXUALLY DIMORPHIC FLY PROCHYLIZA XANTHOSTOMA (PIOPHILIDAE)",1,1,"SEXUAL SELECTION, GENETIC ARCHITECTURE, AND THE CONDITION DEPENDENCE OF BODY SHAPE IN THE SEXUALLY DIMORPHIC FLY PROCHYLIZA XANTHOSTOMA (PIOPHILIDAE)","Bonduriansky, R. & Rowe, L. 2005, ""SEXUAL SELECTION, GENETIC ARCHITECTURE, AND THE CONDITION DEPENDENCE OF BODY SHAPE IN THE SEXUALLY DIMORPHIC FLY PROCHYLIZA XANTHOSTOMA (PIOPHILIDAE)"", Evolution, vol. 59, no. 1, pp. 138-151.",NA,
Bra2004,Achroia.grisella,0,1,1,NA,NA,Brandt.Greenfield.2004,I,A,Condition-dependent traits and the capture of genetic variance in male advertisement song,0.5,1,10.1111/j.1420-9101.2004.00716.x,"Brandt, L.S.E. & Greenfield, M.D. 2004, ""Condition-dependent traits and the capture of genetic variance in male advertisement song"", Journal of Evolutionary Biology, vol. 17, no. 4, pp. 821-828.",NA,
Bro2001,Poecilia.reticulata,0,1,1,NA,NA,Brooks.Endler.2001.Evo,V,A,FEMALE GUPPIES AGREE TO DIFFER: PHENOTYPIC AND GENETIC VARIATION IN MATE-CHOICE BEHAVIOR AND THE CONSEQUENCES FOR SEXUAL SELECTION,1,1,10.1554/0014-3820(2001)055[1002:DAISSA]2.0,"Brooks, R. & Endler, J.A. 2001, ""DIRECT AND INDIRECT SEXUAL SELECTION AND QUANTITATIVE GENETICS OF MALE TRAITS IN GUPPIES (POECILIA RETICULATA)"", Evolution, vol. 55, no. 5, pp. 1002-1015.",NA,
Can2004,Rana.temporaria,0,0,1,NA,NA,Cano.et.al.2004,V,A,POPULATION DIFFERENTIATION IN G MATRIX STRUCTURE DUE TO NATURAL SELECTION IN RANA TEMPORARIA,0,0,10.1554/04-192,"Cano, J.M., Laurila, A., Palo, J. & Meril‰, J. 2004, ""POPULATION DIFFERENTIATION IN G MATRIX STRUCTURE DUE TO NATURAL SELECTION IN RANA TEMPORARIA"", Evolution, vol. 58, no. 9, pp. 2013-2020.",NA,
Car1994,Choristoneura.rosaceana,0,0,1,NA,NA,Carriere.Roitberg.1994.EvoEntoAppl,I,A,"Trade-offs in responses to host plants within a population of a generalist herbivore, Choristoneura rosaceana",0,0,10.4039/Ent127577-4,"CarriËre, Y. & Roitberg, B.D. 1994, ""Trade-offs in responses to host plants within a population of a generalist herbivore, Choristoneura rosaceana"", Entomologia Experimentalis et Applicata, vol. 72, no. 2, pp. 173-180.",NA,
Car2004,Lobelia.siphilitica,0,1,1,NA,NA,Caruso.2004.Evo,P,P,The Quantitative Genetics Of Floral Trait Variation In Lobelia: Potential Constraints On Adaptive Evolution,0.5,1,10.1111/j.0014-3820.2004.tb00406.x,"Caruso, C. 2004, ""The Quantitative Genetics Of Floral Trait Variation In Lobelia: Potential Constraints On Adaptive Evolution"", Evolution, vol. 58, no. 4, pp. 732-740.",NA,
Car2005,Lobelia.siphilitica,0,0,1,NA,NA,Caruso.et.al.2005.Evo,P,P,GENETIC VARIANCE AND COVARIANCE FOR PHYSIOLOGICAL TRAITS IN LOBELIA: ARE THERE CONSTRAINTS ON ADAPTIVE EVOLUTION?,1,1,10.1554/04-501,"Caruso, C.M., Maherali, H., Mikulyuk, A., Carlson, K. & Jackson, R.B. 2005, ""GENETIC VARIANCE AND COVARIANCE FOR PHYSIOLOGICAL TRAITS IN LOBELIA: ARE THERE CONSTRAINTS ON ADAPTIVE EVOLUTION?"", Evolution, vol. 59, no. 4, pp. 826-837.",NA,
Col1999,Achroia.grisella,0,0,1,NA,NA,Collins.et.al.1999.Her,I,A,Quantitative genetics of ultrasonic advertisement signalling in the lesser waxmoth Achroia grisella (Lepidoptera: pyralidae),1,1,10.1038/sj.hdy.6885540,"Collins, R.D., Jang, Y., Reinhold, K. & Greenfield, M.D. 1999, ""Quantitative genetics of ultrasonic advertisement signalling in the lesser waxmoth Achroia grisella (Lepidoptera: pyralidae)"", Heredity, vol. 83 ( Pt 6), no. 6, pp. 644-651.",NA,
Col2005,Ovis.canadensis,0,1,1,NA,NA,Coltman.et.al.2005.Evo,V,A,SELECTION AND GENETIC (CO)VARIANCE IN BIGHORN SHEEP,1,0,10.1554/04-134,"Coltman, D.W., O'Donoghue, P., Hogg, J.T. & Festa-Bianchet, M. 2005, ""SELECTION AND GENETIC (CO)VARIANCE IN BIGHORN SHEEP"", Evolution, vol. 59, no. 6, pp. 1372-1382.",NA,
Con1992,Tribolium.castaneum,0,1,1,NA,NA,Conner.Via.1992.Her,I,A,Natural selection on body size in Tribolium: possible genetic constraints on adaptive evolution,1,1,10.1038/hdy.1992.96,"Conner, J. & Via, S. 1992, ""Natural selection of body size in Tribolium : Possible genetic constraints on adaptive evolution"", Heredity, vol. 69, no. 1, pp. 73-84.",NA,
Con1997,Raphanus.raphanistrum,0,0,1,NA,NA,Conner.1997.IJPS,P,P,"Floral Evolution in Wild Radish: The Roles of Pollinators, Natural Selection, and Genetic Correlations Among Traits",0,0,10.1086/297511,"Conner, J.K. 1997, ""Floral Evolution in Wild Radish: The Roles of Pollinators, Natural Selection, and Genetic Correlations Among Traits"", International journal of plant sciences, vol. 158, no. 6, pp. S108-S120.",NA,
Con2003,Raphanus.raphanistrum,0,1,1,NA,NA,Conner.et.al.2003,P,P,EXPRESSION OF ADDITIVE GENETIC VARIANCES AND COVARIANCES FOR WILD RADISH FLORAL TRAITS: COMPARISON BETWEEN FIELD AND GREENHOUSE ENVIRONMENTS,1,1,10.1554/0014-3820(2003)057[0487:EOAGVA]2.,"Conner, J.K., Franks, R. & Stewart, C. 2003, ""EXPRESSION OF ADDITIVE GENETIC VARIANCES AND COVARIANCES FOR WILD RADISH FLORAL TRAITS: COMPARISON BETWEEN FIELD AND GREENHOUSE ENVIRONMENTS"", Evolution, vol. 57, no. 3, pp. 487-495.",NA,
Cot2004,Spodoptera.littoralis,0,0,1,NA,NA,Cotter.et.al.2004.JEB,I,A,Costs of resistance: genetic correlations and potential trade-offs in an insect immune system,1,1,10.1046/j.1420-9101.2003.00655.x,"Cotter, S.C., Kruuk, L.E.B. & Wilson, K. 2004, ""Costs of resistance: genetic correlations and potential trade-offs in an insect immune system"", Journal of Evolutionary Biology, vol. 17, no. 2, pp. 421-429.",NA,
Cow1990,Drosophila.melanogaster,0,0,1,NA,NA,Cowley.Atchley.1990.AmNat,I,A,Development and Quantitative Genetics of Correlation Structure Among Body Parts of Drosophila melanogaster,1,0,10.1086/285041,"Cowley, D.E. & Atchley, W.R. 1990, ""Development and Quantitative Genetics of Correlation Structure Among Body Parts of Drosophila melanogaster"", The American Naturalist, vol. 135, no. 2, pp. 242-268.",NA,
Del1995,Spergularia.marina,0,0,1,NA,NA,Delesalle.Mazer.1995.AJB,P,P,The Structure of Phenotypic Variation in Gender and Floral Traits within and Among Populations of Spergularia marina (Caryophyllaceae),1,1,http://www.jstor.org/stable/2445620,"Delesalle, V.A. & Mazer, S.J. 1995, ""The structure of phenotypic variation in gender and floral traits within and among populations of Spergularia marina (Caryophyllaceae)"", American Journal of Botany, vol. 82, no. 6, pp. 798.",NA,
Del2004,Silene.latifolia,0,1,1,NA,NA,Delph.et.al.2004,P,P,Investigating the independent evolution of the size of floral organs via G-matrix estimation and artificial selection,1,1,10.1111/j.1525-142X.2004.04052.x,"Delph, L.F., Frey, F.M., Steven, J.C. & Gehring, J.L. 2004, ""Investigating the independent evolution of the size of floral organs via G-matrix estimation and artificial selection"", Evolution & development, vol. 6, no. 6, pp. 438-448.",NA,
Don2005,Arabidopsis.thaliana,0,0,1,NA,NA,Donohue.et.al.2005.AmNat,P,P,Genetic basis and consequences of niche construction: plasticity-induced genetic constraints on the evolution of seed dispersal in Arabidopsis thaliana,1,0,10.1086/429162,"Donohue, K., Polisetty, C.R. & Wender, N.J. 2005, ""Genetic basis and consequences of niche construction: plasticity-induced genetic constraints on the evolution of seed dispersal in Arabidopsis thaliana"", The American Naturalist, vol. 165, no. 5, pp. 537-550.",NA,
Dor2008,Acrobeloides.nanus,0,0,1,NA,NA,Doroszuk.et.al.2008.AmNat,I,A,Rapid Divergence of Genetic Variance-Covariance Matrix within a Natural Population,0,0,10.1086/527478,"Doroszuk, A., Wojewodzic, M.W., Gort, G. & Kammenga, J.E. 2008, ""Rapid Divergence of Genetic Variance-Covariance Matrix within a Natural Population"", The American Naturalist, vol. 171, no. 3, pp. 291-304.",NA,
Ell1998,Solanum.carolinese,0,1,1,NA,NA,Elle.1998.Her,P,P,"The quantitative genetics of sex allocation in the andromonoecious perennial, Solanum carolinense (L.)",0,1,10.1038/sj.hdy.6883190,"Elle, E. 1998, ""The quantitative genetics of sex allocation in the andromonoecious perennial, Solanum carolinense (L.)"", Heredity, vol. 80, no. 4, pp. 481-488.",NA,
Esc2009,Physa.acuta,0,0,1,NA,NA,Escobar.et.al.2009,I,A,Correlated Evolution of Mating Strategy and Inbreeding Depression within and Among Populations of the Hermaphroditic Snail Physa Acuta,0,0,10.1111/j.1558-5646.2009.00760.x,"Escobar, J.S., Facon, B., Jarne, P., Goudet, J. & David, P. 2009, ""Correlated Evolution of Mating Strategy and Inbreeding Depression within and Among Populations of the Hermaphroditic Snail Physa Acuta"", Evolution, vol. 63, no. 11, pp. 2790-2804.",NA,
Fis2002,Mimulus.nasutus.x.Mimulus.guttatus,0,0,1,NA,NA,Fishman.et.al.2002.Evo,P,P,MINOR QUANTITATIVE TRAIT LOCI UNDERLIE FLORAL TRAITS ASSOCIATED WITH MATING SYSTEM DIVERGENCE IN MIMULUS,0.5,0,10.1554/0014-3820(2002)056[2138:MQTLUF]2.0.CO;2,"Fishman, L., Kelly, A.J. & Willis, J.H. 2002, ""MINOR QUANTITATIVE TRAIT LOCI UNDERLIE FLORAL TRAITS ASSOCIATED WITH MATING SYSTEM DIVERGENCE IN MIMULUS"", Evolution, vol. 56, no. 11, pp. 2138-2155.",NA,
For2009,Taeniopygia.guttata,0,1,1,NA,NA,Forstmeier.et.al.2009,V,A,The Genetic Basis of Zebra Finch Vocalizations,0,0,10.1111/j.1558-5646.2009.00688.x,"Forstmeier, W., Burger, C., Temnow, K. & DerÈgnaucourt, S. 2009, ""The Genetic Basis of Zebra Finch Vocalizations"", Evolution, vol. 63, no. 8, pp. 2114-2130.",NA,
Gar2008,Parsus.major,0,1,1,NA,NA,Garant.et.al.2008,V,A,Stability of genetic variance and covariance for reproductive characters in the face of climate change in a wild bird population,0.5,1,10.1111/j.1365-294X.2007.03436.x,"Garant, D., Hadfield, J.D., Kruuk, L.E.B. & Sheldon, B.C. 2008, ""Stability of genetic variance and covariance for reproductive characters in the face of climate change in a wild bird population"", Molecular ecology, vol. 17, no. 1, pp. 179-188.",NA,
Gem2001,Trichoplusia.ni,0,1,1,NA,NA,Gemeno.et.al.2001.BG,I,A,"Quantitative genetics of signal evolution: a comparison of the pheromonal signal in two populations of the cabbage looper, Trichoplusia ni",1,1,10.1023/A:1010249310366,"Gemeno, C., Moore, A.J., Preziosi, R.F. & Haynes, K.F. 2001, ""Quantitative genetics of signal evolution: a comparison of the pheromonal signal in two populations of the cabbage looper, Trichoplusia ni"", Behavior genetics, vol. 31, no. 2, pp. 157-165.",NA,
Gom2009,Erysimum.mediohispanicum,0,1,1,NA,NA,Gomez.2009,P,P,Heritability and Genetic Correlation of Corolla Shape and Size in Erysimum mediohispanicum,0,1,10.1111/j.1558-5646.2009.00667.x,"GÛmez, J.M., Abdelaziz, M., MuÒoz-Pajares, J. & Perfectti, F. 2009, ""Heritability and Genetic Correlation of Corolla Shape and Size in Erysimum mediohispanicum"", Evolution, vol. 63, no. 7, pp. 1820-1831.",NA,
Goo1997,Tribolium.castaneum,0,0,1,NA,NA,Goodnight.Schwartz.1997,I,A,A Bootstrap Comparison of Genetic Covariance Matrices,0.5,0,10.1111/j.1558-5646.2009.00688.x,"Goodnight, C.J. & Schwartz, J.M. 1997, ""A Bootstrap Comparison of Genetic Covariance Matrices"", Biometrics, vol. 53, no. 3, pp. 1026-1039.",NA,
Goo2003,Campanula.rapunculoides,0,0,1,NA,NA,Good-Avila.Stephenson.2003.AmNat,P,P,Parental effects in a partially self-incompatible herb Campanula rapunculoides L. (Campanulaceae): influence of variation in the strength of self-incompatibility on seed set and progeny performance,1,1,10.1086/368290,"Good-Avila, S.V. & Stephenson, A.G. 2003, ""Parental effects in a partially self-incompatible herb Campanula rapunculoides L. (Campanulaceae): influence of variation in the strength of self-incompatibility on seed set and progeny performance"", The American Naturalist, vol. 161, no. 4, pp. 615-630.",NA,
Gri1997,Harmonia.axyridis,0,0,1,NA,NA,Grill.et.al.1997.Her,I,A,"The genetics of phenotypic plasticity in a colonizing population of the ladybird beetle, Harmonia axyridis",0.5,1,10.1038/sj.hdy.6881030,"GRILL, C.P., MOORE, A.J. & BRODIE III, E.D. 1997, ""The genetics of phenotypic plasticity in a colonizing population of the ladybird beetle, Harmonia axyridis"", Heredity, vol. 78, no. 3, pp. 261-269.",NA,
Gun1997,Callosobruchus.maculatus,0,1,1,NA,NA,Guntrip.et.al.1997.Her,I,A,"The effect of novel environment and sex on the additive genetic variation and covariation in and between emergence body weight and development period in the cowpea weevil, Callosobruchus maculatus (Coleoptera, Bruchidae)",0.5,1,10.1038/hdy.1997.23,"Guntrip, J., Sibly, R. & Holloway, G. 1997, ""The effect of novel environment and sex on the additive genetic variation and covariation in and between emergence body weight and development period in the cowpea weevil, Callosobruchus maculatus (Coleoptera, Bruchidae)"", Heredity, vol. 78, no. 2, pp. 158-165.",NA,
Har2001,Macadamia.integrifolia,0,0,1,NA,NA,Hardner.et.al.2001.Euphytica,P,P,Genetic parameters for nut and kernel traits in macadamia,1,0.5,10.1023/A:1004016503740,"Hardner, C., Winks, C., Stephenson, R. & Gallagher, E. 2001, ""Genetic parameters for nut and kernel traits in macadamia"", Euphytica, vol. 117, no. 2, pp. 151-161.",NA,
Hau2005,Arabidopsis.thaliana,0,0,1,NA,NA,Hausmann.et.al.2005.Evo,P,P,Quantitative trait loci affecting delta13C and response to differential water availability in arabidopsis thaliana,0.5,1,10.1554/04-104,"Hausmann, N.J., Juenger, T.E., Sen, S. & Stowe, K.A. 2005, ""Quantitative trait loci affecting delta13C and response to differential water availability in arabidopsis thaliana"", Evolution, vol. 59, no. 1, pp. 81.",NA,
Hin2004,Drosophila.serrata,0,0,1,NA,NA,Hine.et.al.2004,I,A,MULTIVARIATE QUANTITATIVE GENETICS AND THE LEK PARADOX: GENETIC VARIANCE IN MALE SEXUALLY SELECTED TRAITS OF DROSOPHILA SERRATA UNDER FIELD CONDITIONS,0,0,10.1554/04-558,"Hine, E., Chenoweth, S.F. & Blows, M.W. 2004, ""MULTIVARIATE QUANTITATIVE GENETICS AND THE LEK PARADOX: GENETIC VARIANCE IN MALE SEXUALLY SELECTED TRAITS OF DROSOPHILA SERRATA UNDER FIELD CONDITIONS"", Evolution, vol. 58, no. 12, pp. 2754-2762.",NA,
Hin2006,Drosophila.serrata,0,0,1,NA,NA,Hine.Blows.2006.Gen,I,A,Determining the Effective Dimensionality of the Genetic Variance-Covariance Matrix,0,0,10.1534/genetics.105.054627,"Hine, E. & Blows, M.W. 2006, ""Determining the Effective Dimensionality of the Genetic Variance-Covariance Matrix"", Genetics, vol. 173, no. 2, pp. 1135-1144.",NA,
Hlu2009,Papio.hamadryas,1,1,1,NA, http://dx.doi.org/10.5061/dryad.693j8,Hlusko.Mahaney.2009,V,A,"Quantitative Genetics, Pleiotropy, and Morphological Integration in the Dentition of Papio hamadryas",1,1,10.1007/s11692-008-9048-1,"Hlusko, L.J. & Mahaney, M.C. 2009, ""Quantitative Genetics, Pleiotropy, and Morphological Integration in the Dentition of Papio hamadryas"", Evolutionary Biology, vol. 36, no. 1, pp. 5-18.",NA,
Hou2005,Onthophagus.taurus,0,1,1,NA,NA,House.Simmons.2005.JEB,I,A,The evolution of male genitalia: patterns of genetic variation and covariation in the genital sclerites of the dung beetle Onthophagus taurus,1,1,10.1111/j.1420-9101.2005.00926.x,"House, C.M. & Simmons, L.W. 2005, ""The evolution of male genitalia: patterns of genetic variation and covariation in the genital sclerites of the dung beetle Onthophagus taurus"", Journal of Evolutionary Biology, vol. 18, no. 5, pp. 1281-1292.",NA,
Hug1995,Drosophila.melanogaster,0,0,1,NA,NA,Hughes.et.al.1995.Evo,I,A,The evolutionary genetics of male life-history characters in Drosophila melanogaster,1,1,,"Hughes, K.A. 1995, ""The evolutionary genetics of male life-history characters in Drosophila melanogaster"", Evolution, vol. 49, no. 3, pp. 521.",NA,
Hug2005,Poecilia.reticulata,0,0,1,NA,NA,Hughes.et.al.2005.JEB,V,A,Genetic and environmental effects on secondary sex traits in guppies (Poecilia reticulata),0,1,10.1111/j.1420-9101.2004.00806.x,"Hughes, K.A., Rodd, F.H. & Reznick, D.N. 2005, ""Genetic and environmental effects on secondary sex traits in guppies (Poecilia reticulata)"", Journal of Evolutionary Biology, vol. 18, no. 1, pp. 35-45.",NA,
Hun2007,Teleogryllus.commodus,0,0,1,NA,NA,Hunt.et.al.2007.Gen,I,A,Reconciling Strong Stabilizing Selection with the Maintenance of Genetic Variation in a Natural Population of Black Field Crickets (Teleogryllus commodus),0,0,10.1534/genetics.107.077057,"Hunt, J., Blows, M.W., Zajitschek, F., Jennions, M.D. & Brooks, R. 2007, ""Reconciling Strong Stabilizing Selection with the Maintenance of Genetic Variation in a Natural Population of Black Field Crickets (Teleogryllus commodus)"", Genetics, vol. 177, no. 2, pp. 875-880.",NA,
Imb2001,Crepis.sancta,0,0,1,NA,NA,Imbert.2001.Her,P,P,"Capitulum characters in a seed heteromorphic plant, Crepis sancta (Asteraceae): variance partitioning and inference for the evolution of dispersal rate",1,1,10.1046/j.1365-2540.2001.00812.x,"Imbert, E. 2001, ""Capitulum characters in a seed heteromorphic plant, Crepis sancta (Asteraceae): variance partitioning and inference for the evolution of dispersal rate"", Heredity, vol. 86, no. Pt 1, pp. 78-86.",NA,
Jen2003,Passer.domesticus,0,1,1,NA,NA,Jensen.et.al.2003,V,A,Sexual variation in heritability and genetic correlations of morphological traits in house sparrow (Passer domesticus),1,1,10.1046/j.1420-9101.2003.00614.x,"Jensen, H., Saether, B.E., Ringsby, T.H., Tufto, J., Griffith, S.C. & Ellegren, H. 2003, ""Sexual variation in heritability and genetic correlations of morphological traits in house sparrow (Passer domesticus)"", Journal of Evolutionary Biology, vol. 16, no. 6, pp. 1296-1307.",NA,
Kac2008,Innicotiana.alata,0,1,1,NA,NA,Kaczorowski.et.al.2008,P,P,HERITABILITY AND CORRELATION STRUCTURE OF NECTAR AND FLORAL MORPHOLOGY TRAITS INNICOTIANA ALATA,1,1,10.1111/j.1558-5646.2008.00400.x,"Kaczorowski, R.L., Juenger, T.E. & Holtsford, T.P. 2008, ""HERITABILITY AND CORRELATION STRUCTURE OF NECTAR AND FLORAL MORPHOLOGY TRAITS INNICOTIANA ALATA"", Evolution, vol. 62, no. 7, pp. 1738-1750.",NA,
Kau2002,Oncorhynchus.mykiss,0,0,1,NA,NA,Kause.et.al.2002.Aqua,V,A,Coupling body weight and its composition: a quantitative genetic analysis in rainbow trout,1,1,10.1016/S0044-8486(01)00884-5,"Kause, A., Ritola, O., Paananen, T., M‰ntysaari, E. & Eskelinen, U. 2002, ""Coupling body weight and its composition: a quantitative genetic analysis in rainbow trout"", Aquaculture, vol. 211, no. 1, pp. 65-79.",NA,
Kau2003,Oncorhynchus.mykiss,0,0,1,NA,NA,Kause.et.al.2003.Aqua,V,A,Selection against early maturity in large rainbow trout Oncorhynchus mykiss: the quantitative genetics of sexual dimorphism and genotype-by-environment interactions,1,1,10.1016/S0044-8486(03)00244-8,"Kause, A., Ritola, O., Paananen, T., Mantysaari, E. & Eskelinen, U. 2003, ""Selection against early maturity in large rainbow trout Oncorhynchus mykiss: the quantitative genetics of sexual dimorphism and genotype-by-environment interactions"", Aquaculture, vol. 228, no. 1, pp. 53-68.",NA,
Kim2010,Taeniopygia.guttata,0,1,1,NA,NA,Kim.et.al.2010,V,A,GENETIC CORRELATION BETWEEN RESISTANCE TO OXIDATIVE STRESS AND REPRODUCTIVE LIFE SPAN IN A BIRD SPECIES,1,1,10.1111/j.1558-5646.2009.00862.x,"Kim, S., Velando, A., Sorci, G. & Alonso-Alvarez, C. 2010, ""GENETIC CORRELATION BETWEEN RESISTANCE TO OXIDATIVE STRESS AND REPRODUCTIVE LIFE SPAN IN A BIRD SPECIES"", Evolution, vol. 64, no. 3, pp. 852-857.",NA,
Kin2004,Pieris.rapae,0,0,1,NA,NA,Kingsolver.et.al.2004*,I,A,QUANTITATIVE GENETICS OF CONTINUOUS REACTION NORMS: THERMAL SENSITIVITY OF CATERPILLAR GROWTH RATES,0,0,10.1554/03-557,"Kingsolver, J.G., Ragland, G.J. & Shlichta, J.G. 2004, ""QUANTITATIVE GENETICS OF CONTINUOUS REACTION NORMS: THERMAL SENSITIVITY OF CATERPILLAR GROWTH RATES"", Evolution, vol. 58, no. 7, pp. 1521-1529.",NA,
Kin2006,Pieris.rapae,0,0,1,NA,NA,Kingsolver.et.al.2006.EvoEcoRes,P,P,Thermal reaction norms for caterpillar growth depend on diet,0,0,0,"(MLA) Kingsolver, Joel G., et al. ""Thermal reaction norms for caterpillar growth depend on diet."" Evolutionary Ecology Research 8.4 (2006): 703-715.",NA,
Kra2006,Rana.lessonae,0,1,1,NA,NA,Kraft.et.al.2006,V,A,Substantial changes in the genetic basis of tadpole morphology of Rana lessonae in the presence of predators,0,1,10.1111/j.1420-9101.2006.01185.x,"Kraft, P.G., Wilson, R.S., Franklin, C.E. & Blows, M.W. 2006, ""Substantial changes in the genetic basis of tadpole morphology of Rana lessonae in the presence of predators"", Journal of Evolutionary Biology, vol. 19, no. 6, pp. 1813-1818.",NA,
Kum2007,lowland.rice,0,1,1,NA,NA,Kumar.et.al.2007,P,P,Genetic analysis of rainfed lowland rice drought tolerance under naturally-occurring stress in eastern India: Heritability and QTL effects,0.5,1,Genetic analysis of rainfed lowland rice drought tolerance under naturally-occurring stress in eastern India: Heritability and QTL effects,"Kumar, R., Venuprasad, R. & Atlin, G.N. 2007, ""Genetic analysis of rainfed lowland rice drought tolerance under naturally-occurring stress in eastern India: Heritability and QTL effects"", Field Crops Research, vol. 103, no. 1, pp. 42-52.",NA,
Len2003,Phlox.drummondii,0,0,1,NA,NA,Lendvai.Levin.2003.Her,P,P,Rapid response to artificial selection on flower size in Phlox,1,1,10.1038/sj.hdy.6800249,"Lendvai, G. & Levin, D.A. 2003, ""Rapid response to artificial selection on flower size in Phlox"", Heredity, vol. 90, no. 4, pp. 336-342.",NA,
McD2005,Ceratodon.purpureus,0,0,1,NA,NA,McDaniel.2005.Evo,P,P,GENETIC CORRELATIONS DO NOT CONSTRAIN THE EVOLUTION OF SEXUAL DIMORPHISM IN THE MOSS CERATODON PURPUREUS,0.5,1,10.1554/05-381.1,"McDaniel, S.F. 2005, ""GENETIC CORRELATIONS DO NOT CONSTRAIN THE EVOLUTION OF SEXUAL DIMORPHISM IN THE MOSS CERATODON PURPUREUS"", Evolution, vol. 59, no. 11, pp. 2353-2361.",NA,
McG2005,Melanotaenia.duboulayi,0,0,1,NA,NA,McGuigan.et.al.2005,V,A,Phenotypic divergence along lines of genetic variance,0,0,10.1086/426600,"McGuigan, K., Chenoweth, S.F. & Blows, M.W. 2005, ""Phenotypic divergence along lines of genetic variance"", The American Naturalist, vol. 165, no. 1, pp. 32-43.",NA,
McG2006,Melanotaenia.eachamensis,0,0,1,NA,NA,McGuigan.2006.MolEco,V,A,Studying phenotypic evolution using multivariate quantitative genetics,0,0,10.1111/j.1365-294X.2006.02809.x,"McGuigan, K. 2006, ""Studying phenotypic evolution using multivariate quantitative genetics"", Molecular ecology, vol. 15, no. 4, pp. 883-896.",NA,
McG2007,Drosophila.bunnanda,0,0,1,NA,NA,McGuigan.Blows.2007.Evo,I,A,THE PHENOTYPIC AND GENETIC COVARIANCE STRUCTURE OF DROSPHILID WINGS,1,0,10.1111/j.1558-5646.2007.00078.x,"McGuigan, K. & Blows, M.W. 2007, ""THE PHENOTYPIC AND GENETIC COVARIANCE STRUCTURE OF DROSPHILID WINGS"", Evolution, vol. 61, no. 4, pp. 902-911.",NA,
McG2008,Drosophila.bunnanda,0,0,1,NA,NA,McGuigan.et.al.2008.AmNat,I,A,Genetic Analysis of Female Preference Functions as FunctionÅ]Valued Traits,0,0,10.1086/588075,"McGuigan, K., Van Homrigh, A. & Blows, M.W. 2008, ""Genetic Analysis of Female Preference Functions as FunctionÅ]Valued Traits"", The American Naturalist, vol. 172, no. 2, pp. 194-202.",NA,
Mer1993,Ficedula.albicollis,0,1,1,NA,NA,Merila.Gustafsson.1993.Her,V,A,"Foster parent experiment reveals no genotype-environment correlation in the external morphology of Ficedula albicollis, the collared flycatcher",0,0,10.1038/hdy.1994.111,"Gustafsson, L. & Meril‰, J. 1994, ""Foster parent experiment reveals no genotype-environment correlation in the external morphology of Ficedula albicollis, the collared flycatcher"", Heredity, vol. 73, no. 2, pp. 124-129.",NA,
Mer1994,Ficedula.albicollis,0,0,1,NA,NA,Merila.et.al.1994.BJLS,V,A,Evolution of morphological differences with moderate genetic correlations among traits as exemplified by two flycatcher species ( Ficedula; Muscicapidae),0,1,10.1006/bijl.1994.1036,"Merila, J., Bjorklund, M., Gustafsson, L., Institutionen for evolutionsbiologi, Uppsala universitet, Biologiska sektionen & Teknisk-naturvetenskapliga vetenskapsomradet 1994, ""Evolution of morphological differences with moderate genetic correlations among traits as exemplified by two flycatcher species ( Ficedula; Muscicapidae)"", Biological Journal of the Linnean Society, vol. 52, no. 1, pp. 19-30.",NA,
Mer1996,Ficedula.albicollis,0,1,1,NA,NA,Merila.Gustafsson.1996.Her,V,A,Temporal stability and microgeographic homogeneity of heritability estimates in a natural bird population,0,1,10.1093/oxfordjournals.jhered.a022985,"Merila, J. & Gustafsson, L. 1996, ""Temporal stability and microgeographic homogeneity of heritability estimates in a natural bird population"", The Journal of Heredity [H.W.Wilson - GS], vol. 87, pp. 199.",NA,
Mil2000,Ovis.aries,0,0,1,NA,NA,Milner.et.al.2000.JEB,V,A,Estimating variance components and heritabilities in the wild: a case study using the Åeanimal modelÅf approach,1,1,10.1046/j.1420-9101.2000.00222.x,"Milner, Pemberton, Brotherstone & Albon 2000, ""Estimating variance components and heritabilities in the wild: a case study using the Åeanimal modelÅf approach"", Journal of Evolutionary Biology, vol. 13, no. 5, pp. 804-813.",NA,
Mit1993,Penstemon.centranthifolius,0,1,1,NA,NA,Mitchell.Shaw.1993.Her,P,P,Heritability of floral traits for the perennial wild flower Penstemon centranthifolius (Scrophulariaceae): clones and crosses,1,1,10.1038/hdy.1993.123,"Mitchell, R.J. & Shaw, R.G. 1993, ""Heritability of floral traits for the perennial wild flower Penstemon centranthifolius (Scrophulariaceae): clones and crosses"", Heredity, vol. 71, no. 2, pp. 185-192.",NA,
Mit1998,Penstemon.centranthifolius,0,0,1,NA,NA,Mitchell.et.al.1998.IJPS,P,P,"Pollinator Selection, Quantitative Genetics, and Predicted Evolutionary Responses of Floral Traits in Penstemon centranthifolius (Scrophulariaceae)",0,0,10.1086/297554,"Mitchell, R.J., Shaw, R.G. & Waser, N.M. 1998, ""Pollinator Selection, Quantitative Genetics, and Predicted Evolutionary Responses of Floral Traits in Penstemon centranthifolius (Scrophulariaceae)"", International journal of plant sciences, vol. 159, no. 2, pp. 331-337.",NA,
Moo2004,Nauphoeta.cinerea,0,1,1,NA,NA,Moore.et.al.2004.Evo,I,A,CONSTRAINTS ON EVOLUTION AND POSTCOPULATORY SEXUAL SELECTION: TRADE-OFFS AMONG EJACULATE CHARACTERISTICS,1,1,10.1554/04-116,"Moore, P.J., Harris, W.E., Montrose, V.T., Levin, D. & Moore, A.J. 2004, ""CONSTRAINTS ON EVOLUTION AND POSTCOPULATORY SEXUAL SELECTION: TRADE-OFFS AMONG EJACULATE CHARACTERISTICS"", Evolution, vol. 58, no. 8, pp. 1773-1780.",NA,
Muh1996,Scathophaga.stercoraria,0,0,1,NA,NA,Muhlhauser.et.al.1996.AB,I,A,The genetic component of copula duration in the yellow dung fly,1,1,10.1006/anbe.1996.0143,"MUHLHAUSER, C., BLANCKENHORN, W.U. & WARD, P.I. 1996, ""The genetic component of copula duration in the yellow dung fly"", Animal Behaviour, vol. 51, no. 6, pp. 1401-1407.",NA,
Nes2005,Phyllotis.darwini,0,1,1,NA,NA,Nespolo.et.al.2005,V,A,"QUANTITATIVE GENETICS OF BIOENERGETICS AND GROWTH-RELATED TRAITS IN THE WILD MAMMAL, PHYLLOTIS DARWINI",1,1,10.1554/04-408.1,"Nespolo, R.F., Bustamante, D.M., Bacigalupe, L.D. & Bozinovic, F. 2005, ""QUANTITATIVE GENETICS OF BIOENERGETICS AND GROWTH-RELATED TRAITS IN THE WILD MAMMAL, PHYLLOTIS DARWINI"", Evolution, vol. 59, no. 8, pp. 1829-1837.",NA,
Nor1997,Drosophila.buzzatii,0,0,1,NA,NA,Norry.et.al.1997.Genetica,I,A,"Genetic and phenotypic correlations among size-related traits, and heritability variation between body parts in Drosophila buzzatii",1,1,10.1023/A:1018360804439,"Norry, F.M., Vilardi, J.C. & Hasson, E. 1997, ""Genetic and phenotypic correlations among size-related traits, and heritability variation between body parts in Drosophila buzzatii"", Genetica, vol. 101, no. 2, pp. 131-139.",NA,
Nor2000,Drosophila.buzzatii,0,0,1,NA,NA,Norry.et.al.2000.Her,I,A,"Negative genetic correlation between traits of the Drosophila head, and interspecific divergence in head shape",1,1,10.1046/j.1365-2540.2000.00735.x,"Norry, F.M., Vilardi, J.C. & Hasson, E. 2000, ""Negative genetic correlation between traits of the Drosophila head, and interspecific divergence in head shape"", Heredity, vol. 85 ( Pt 2), no. 2, pp. 177-183.",NA,
Par2005,Gallus.gallus,0,0,1,NA,NA,Parker.Garant.2005.JEB,V,A,Quantitative genetics of sexually dimorphic traits and capture of genetic variance by a sexually-selected condition-dependent ornament in red junglefowl (Gallus gallus),1,1,10.1111/j.1420-9101.2004.00769.x,"Parker, T.H. & Garant, D. 2004, ""Quantitative genetics of sexually dimorphic traits and capture of genetic variance by a sexually-selected condition-dependent ornament in red junglefowl (Gallus gallus)"", Journal of Evolutionary Biology, vol. 17, no. 6, pp. 1277-1285.",NA,
Pet2005,Drosophila.serrata,0,0,1,NA,NA,Petfield.et.al.2005.PNAS,I,A,Genetic Variance in Female Condition Predicts Indirect Genetic Variance in Male Sexual Display Traits,0,0,10.1073/pnas.0409378102,"Petfield, D., Chenoweth, S.F., Rundle, H.D., Blows, M.W. & Avise, J.C. 2005, ""Genetic Variance in Female Condition Predicts Indirect Genetic Variance in Male Sexual Display Traits"", Proceedings of the National Academy of Sciences of the United States of America, vol. 102, no. 17, pp. 6045-6050.",NA,
Phi1998,Rana.sylvatica,0,1,1,NA,NA,Phillips.1998.JEB,V,A,"Genetic constraints at the metamorphic boundary: Morphological development in the wood frog, Rana sylvatica",1,1,10.1046/j.1420-9101.1998.11040453.x,"Phillips, P.C. 1998, ""Genetic constraints at the metamorphic boundary: Morphological development in the wood frog, Rana sylvatica"", Journal of Evolutionary Biology, vol. 11, no. 4, pp. 453-463.",NA,
Phi2001,Drosophila.melanogaster,0,0,1,NA,NA,Phillips.et.al.2001,I,A,Inbreeding Changes the Shape of the Genetic Covariance Matrix in Drosophila melanogaster,0.5,0,,"Phillips, P.C., Whitlock, M.C. & Fowler, K. 2001, ""Inbreeding Changes the Shape of the Genetic Covariance Matrix in Drosophila melanogaster"", Genetics, vol. 158, no. 3, pp. 1137-1145.",NA,
Pod1997,Clarkia.dudleyana,0,1,1,NA,NA,Podolsky.et.al.1997.Evo,P,P,Population Structure of Morphological Traits in Clarkia dudleyana. II. Constancy of Within-Population Genetic Variance,0.5,0,http://www.jstor.org/stable/2411001,"Podolsky, R.H., Shaw, F.H. & Shaw, R.G. 1997, ""Population Structure of Morphological Traits in Clarkia dudleyana. II. Constancy of Within-Population Genetic Variance"", Evolution, vol. 51, no. 6, pp. 1785-1796.",NA,
Pol2004,Drosophila.bipectinata,0,0,1,NA,NA,Polak.et.al.2004.Evo,I,A,SEXUAL SELECTION FOR SIZE AND SYMMETRY IN A DIVERSIFYING SECONDARY SEXUAL CHARACTER IN DROSOPHILA BIPECTINATA DUDA (DIPTERA: DROSOPHILIDAE),1,1,10.1554/03-459,"Polak, M., Starmer, W.T. & Wolf, L.L. 2004, ""SEXUAL SELECTION FOR SIZE AND SYMMETRY IN A DIVERSIFYING SECONDARY SEXUAL CHARACTER IN DROSOPHILA BIPECTINATA DUDA (DIPTERA: DROSOPHILIDAE)"", Evolution, vol. 58, no. 3, pp. 597-607.",NA,
Pre1998,Aquarius.remigis,0,0,1,NA,NA,Preziosi.Roff.1998.Her,I,A,Evidence of genetic isolation between sexually monomorphic and sexually dimorphic traits in the water strider Aquarius remigis,1,0,10.1046/j.1365-2540.1998.00380.x,"Preziosi, R.F. & Roff, D.A. 1998, ""Evidence of genetic isolation between sexually monomorphic and sexually dimorphic traits in the water strider Aquarius remigis"", Heredity, vol. 81, no. 1, pp. 92-99.",NA,
Rau2002,Nicrophorus.pustulatus,0,0,1,NA,NA,Rauter.Moore.2002.Evo,I,A,QUANTITATIVE GENETICS OF GROWTH AND DEVELOPMENT TIME IN THE BURYING BEETLE NICROPHORUS PUSTULATUS IN THE PRESENCE AND ABSENCE OF POST-HATCHING PARENTAL CARE,1,0.5,10.1554/0014-3820(2002)056[0096:QGOGAD]2.0.CO;2,"Rauter, C.M. & Moore, A.J. 2002, ""QUANTITATIVE GENETICS OF GROWTH AND DEVELOPMENT TIME IN THE BURYING BEETLE NICROPHORUS PUSTULATUS IN THE PRESENCE AND ABSENCE OF POST-HATCHING PARENTAL CARE"", Evolution, vol. 56, no. 1, pp. 96-110.",NA,
Rea2000,Ovis.canadiensis,0,0,1,NA,NA,Reale.Festa-Bianchet.2000.Her,V,A,Quantitative genetics of life-history traits in a long-lived wild mammal,1,1,10.1046/j.1365-2540.2000.00795.x,"Reale, D. & Festa-Bianchet, M. 2000, ""Quantitative genetics of life-history traits in a long-lived wild mammal"", Heredity, vol. 85, no. 6, pp. 593-603.",NA,
Rea2002,Gryllus.firmus,0,0,1,NA,NA,Reale.Roff.2002.AB,I,A,Quantitative genetics of oviposition behaviour and interactions among oviposition traits in the sand cricket,1,1,10.1006/anbe.2002.3084,"Reale, D. & Roff, D.A. 2002, ""Quantitative genetics of oviposition behaviour and interactions among oviposition traits in the sand cricket"", Animal Behaviour, vol. 64, no. 3, pp. 397-406.",NA,
Rel2005,Rana.sylvatica,0,0,1,NA,NA,Relyea.2005.JEB,V,A,The heritability of inducible defenses in tadpoles,0.5,0,10.1111/j.1420-9101.2005.00882.x,"Relyea, R.A. 2005, ""The heritability of inducible defenses in tadpoles"", Journal of Evolutionary Biology, vol. 18, no. 4, pp. 856-866.",NA,
Rob2009,Ovis.aries,0,1,1,NA,NA,Robinson.et.al.2009,V,A,The Impact of Environmental Heterogeneity on Genetic Architecture in a Wild Population of Soay Sheep,0,1,10.1534/genetics.108.086801,"Robinson, M.R., Wilson, A.J., Pilkington, J.G., Clutton-Brock, T.H., Pemberton, J.M. & Kruuk, L.E.B. 2009; 2008, ""The Impact of Environmental Heterogeneity on Genetic Architecture in a Wild Population of Soay Sheep"", Genetics, vol. 181, no. 4, pp. 1639-1648.",NA,
Rod2003,Achroia.grisella,0,0,1,NA,NA,Rodriguez.Greenfield.2003.Evo,I,A,GENETIC VARIANCE AND PHENOTYPIC PLASTICITY IN A COMPONENT OF FEMALE MATE CHOICE IN AN ULTRASONIC MOTH,1,1,10.1554/02-446,"Rodriguez, R.L. & Greenfield, M.D. 2003, ""GENETIC VARIANCE AND PHENOTYPIC PLASTICITY IN A COMPONENT OF FEMALE MATE CHOICE IN AN ULTRASONIC MOTH"", Evolution, vol. 57, no. 6, pp. 1304-1313.",NA,
Rof1999,Allonemobius.socius,0,0,1,NA,NA,Roff.Mousseau.1999,I,A,Does natural selection alter genetic architecture? An evaluation of quantitative genetic variation among populations of Allonemobius socius and A. fasciatus,0,0,10.1046/j.1420-9101.1999.00036.x,"Roff, D. & Mousseau, T. 1999, ""Does natural selection alter genetic architecture? An evaluation of quantitative genetic variation among populations of Allonemobius socius and A. fasciatus"", Journal of Evolutionary Biology, vol. 12, no. 2, pp. 361-369.",NA,
Rof2004,Hirundo.rustica,0,0,1,NA,NA,Roff.et.al.2004,V,A,Geographic variation in the G matrices of wild populations of the barn swallow,0.5,0,10.1038/sj.hdy.6800404,"Roff, D.A., Mousseau, T., Moller, A.P., de Lope, F. & Saino, N. 2004, ""Geographic variation in the G matrices of wild populations of the barn swallow"", Heredity, vol. 93, no. 1, pp. 8-14.",NA,
Ron2000,Allium.vineale,0,0,1,NA,NA,Ronsheim.Bever.2000.AJB,P,P,Genetic variation and evolutionary trade-offs for sexual and asexual reproductive modes in Allium vineale (Liliaceae),0,0,10.2307/2656827,"Ronsheim, M.L. & Bever, J.D. 2000, ""Genetic variation and evolutionary trade-offs for sexual and asexual reproductive modes in Allium vineale (Liliaceae)"", American Journal of Botany, vol. 87, no. 12, pp. 1769-1777.",NA,
San2003,Encelia.farinosa,0,0,1,NA,NA,Sandquist.Ehleringer.2003.AJB,P,P,"Population- and Family-Level Variation of Brittlebush (Encelia farinosa, Asteraceae) Pubescence: Its Relation to Drought and Implications for Selection in Variable Environments",1,1,10.3732/ajb.90.10.1481,"Sandquist, D.R. & Ehleringer, J.R. 2003, ""Population- and Family-Level Variation of Brittlebush (Encelia farinosa, Asteraceae) Pubescence: Its Relation to Drought and Implications for Selection in Variable Environments"", American Journal of Botany, vol. 90, no. 10, pp. 1481-1486.",NA,
Sch1992,Gutierrezia.microcephala,0,0,1,NA,NA,Schuster.et.al.1992.AJB,P,P,Heritability of Carbon Isotope Discrimination in Gutierrezia microcephala (Asteraceae),1,1,10.2307/2445110,"Phillips, S.L., Sandquist, D.R. & Ehleringer, J.R. 1992, ""Heritability of Carbon Isotope Discrimination in Gutierrezia microcephala (Asteraceae)"", American Journal of Botany, vol. 79, no. 2, pp. 216-221.",NA,
Sek2006,Parnara.guttata.guttata,0,0,1,NA,NA,Seko.2006.PopEco,I,A,"Adaptive significance of egg size plasticity in response to temperature in the migrant skipper, Parnara guttata guttata (Lepidoptera: Hesperiidae)",0,1,10.1007/s10144-006-0253-4,"Seko, T. & Nakasuji, F. 2006, ""Adaptive significance of egg size plasticity in response to temperature in the migrant skipper, Parnara guttata guttata (Lepidoptera: Hesperiidae)"", Population Ecology, vol. 48, no. 2, pp. 159-166.",NA,
Ser2000,Drosophila.melanogaster,0,0,1,NA,NA,Service.2000.GenRes,I,A,The genetic structure of female life history in D. melanogaster: comparisons among populations,0,1,10.1017/S0016672399004322,"SERVICE, P.M. 2000, ""The genetic structure of female life history in D. melanogaster: comparisons among populations"", Genetics Research, vol. 75, no. 2, pp. 153-166.",NA,
Sgr2004,Drosophila.serrata,0,1,1,NA,NA,Sgro.Blows.2004,I,A,The Genetic Covariance Among Clinal Environments After Adaptation to an Environmental Gradient in Drosophila serrata,0,0,10.1534/genetics.103.026120,"Sgro, C.M. & Blows, M.W. 2004, ""The Genetic Covariance Among Clinal Environments After Adaptation to an Environmental Gradient in Drosophila serrata"", Genetics, vol. 167, no. 3, pp. 1281-1291.",NA,
She2003,Ficedula.albicollis,0,0,1,NA,NA,Sheldon.et.al.2003.Evo,V,A,NATURAL SELECTION AND INHERITANCE OF BREEDING TIME AND CLUTCH SIZE IN THE COLLARED FLYCATCHER,1,0,10.1554/0014-3820(2003)057[0406:NSAIOB]2.0.CO;2,"Sheldon, B.C., L. E B. Kruuk & Merila, J. 2003, ""NATURAL SELECTION AND INHERITANCE OF BREEDING TIME AND CLUTCH SIZE IN THE COLLARED FLYCATCHER"", Evolution, vol. 57, no. 2, pp. 406-420.",NA,
She2009,Avena.barbata,0,1,1,NA,NA,Sherrard.et.al.2009,P,P,Water Stress Alters the Genetic Architecture of Functional Traits Associated with Drought Adaptation in Avena barbata,0,1,10.1111/j.1558-5646.2008.00580.x,"Sherrard, M.E., Maherali, H. & Latta, R.G. 2009, ""Water Stress Alters the Genetic Architecture of Functional Traits Associated with Drought Adaptation in Avena barbata"", Evolution, vol. 63, no. 3, pp. 702-715.",NA,
Sim2004,Teleogryllus.oceanicus,0,1,1,NA,NA,Simmons.2004.AB,I,A,Genotypic variation in calling song and female preferences of the field cricket Teleogryllus oceanicus,0,1,10.1016/j.anbehav.2003.12.004,"Simmons, L.W. 2004, ""Genotypic variation in calling song and female preferences of the field cricket Teleogryllus oceanicus"", Animal Behaviour, vol. 68, no. 2, pp. 313-322.",NA,
Smi2008,Ipomoea.purpurea,0,0,1,NA,NA,Smith.Rausher.2008,P,P,Selection for Character Displacement is Constrained by the Genetic Architecture of Floral Traits in the Ivyleaf Morning Glory,0,0,10.1111/j.1558-5646.2008.00494.x,"Smith, R.A. & Rausher, M.D. 2008, ""Selection for Character Displacement is Constrained by the Genetic Architecture of Floral Traits in the Ivyleaf Morning Glory"", Evolution, vol. 62, no. 11, pp. 2829-2841.",NA,
Sta2004,Sinapsis.arvensis,0,0,1,NA,NA,Stanton.et.al.2004.AmNat,P,P,Consequences of Intraspecific Competition and Environmental Variation for Selection in the Mustard Sinapsis arvensis: Contrasting Ecological and Evolutionary Perspectives,0,0,10.1086/425331,"Stanton, M.L., Thiede, D.A. & Roy, B.A. 2004, ""Consequences of Intraspecific Competition and Environmental Variation for Selection in the Mustard Sinapsis arvensis: Contrasting Ecological and Evolutionary Perspectives"", The American Naturalist, vol. 164, no. 6, pp. 736-752.",NA,
Ste2007,Silene.latifolia,0,0,1,NA,NA,Steven.et.al.2007.Evo,P,P,"SEXUAL DIMORPHISM IN THE QUANTITATIVE-GENETIC ARCHITECTURE OF FLORAL, LEAF, AND ALLOCATION TRAITS IN SILENE LATIFOLIA",1,0,10.1111/j.1558-5646.2007.00004.x,"Steven, J.C., Delph, L.F. & Edmund D. Brodie III 2007, ""SEXUAL DIMORPHISM IN THE QUANTITATIVE-GENETIC ARCHITECTURE OF FLORAL, LEAF, AND ALLOCATION TRAITS IN SILENE LATIFOLIA"", Evolution, vol. 61, no. 1, pp. 42-57.",NA,
Str2004,Enallagma.cyathigerum,0,0,1,NA,NA,Strobbe.Stoks.2004.BJLS,P,P,Life history reaction norms to time constraints in a damselfly: differential effects on size and mass,0,0,10.1111/j.1095-8312.2004.00379.x,"STROBBE, F. & STOKS, R. 2004, ""Life history reaction norms to time constraints in a damselfly: differential effects on size and mass"", Biological Journal of the Linnean Society, vol. 83, no. 2, pp. 187-196.",NA,
van2004,Mimulus.guttatus,0,0,1,NA,NA,van.Kleunen.Ritland.2004,P,P,Predicting evolution of floral traits associated with mating system in a natural plant population,0.5,1,10.1111/j.1420-9101.2004.00787.x,"Kleunen, M. & Ritland, K. 2004, ""Predicting evolution of floral traits associated with mating system in a natural plant population"", Journal of Evolutionary Biology, vol. 17, no. 6, pp. 1389-1399.",NA,
Ven1995,Heterosperma.pinnatum,0,0,1,NA,NA,Venable.et.al.1995.AJB,P,P,Population Dynamic Consequences and Evolution of Seed Traits of Heterosperma pinnatum (Asteraceae),0,0,10.2307/2445587,"Venable, D.L., Dyreson, E. & Morales, E. 1995, ""Population Dynamic Consequences and Evolution of Seed Traits of Heterosperma pinnatum (Asteraceae)"", American Journal of Botany, vol. 82, no. 3, pp. 410-420.",NA,
Vor2005,Myzus.persicae,0,0,1,NA,NA,Vorburger.2005.Evo,I,A,POSITIVE GENETIC CORRELATIONS AMONG MAJOR LIFE-HISTORY TRAITS RELATED TO ECOLOGICAL SUCCESS IN THE APHID MYZUS PERSICAE,0,1,10.1554/04-531,"Vorburger, C. 2005, ""POSITIVE GENETIC CORRELATIONS AMONG MAJOR LIFE-HISTORY TRAITS RELATED TO ECOLOGICAL SUCCESS IN THE APHID MYZUS PERSICAE"", Evolution, vol. 59, no. 5, pp. 1006-1015.",NA,
Wal2000,Scabiosa.columbaria,0,0,1,NA,NA,Waldmann.Andersson.2000,P,P,Comparison of genetic (co)variance matrices within and between Scabiosa canescens and S. columbaria,0,0,10.1046/j.1420-9101.2000.00214.x,"Waldmann, Andersson, Biologiska institutionen, Naturvetenskap, Science, Biodiversitet, Lunds universitet, Biodiversity, Department of Biology & Lund University 2000, ""Comparison of genetic (co)variance matrices within and between Scabiosa canescens and S. columbaria"", Journal of Evolutionary Biology, vol. 13, no. 5, pp. 826-835.",NA,
Wat2001,Hyla.regilla,0,1,1,NA,NA,Watkins.2001.Evo,V,A,"A QUANTITATIVE GENETIC TEST OF ADAPTIVE DECOUPLING ACROSS METAMORPHOSIS FOR LOCOMOTOR AND LIFE-HISTORY TRAITS IN THE PACIFIC TREE FROG, HYLA REGILLA",1,1,10.1554/0014-3820(2001)055[1668:AQGTOA]2.0.CO;2,"Watkins, T.B. 2001, ""A QUANTITATIVE GENETIC TEST OF ADAPTIVE DECOUPLING ACROSS METAMORPHOSIS FOR LOCOMOTOR AND LIFE-HISTORY TRAITS IN THE PACIFIC TREE FROG, HYLA REGILLA"", Evolution, vol. 55, no. 8, pp. 1668-1677.",NA,
Whi2002,Drosophila.melanogaster,0,0,1,NA,NA,Whitlock.et.al.2002,I,A,PERSISTENCE OF CHANGES IN THE GENETIC COVARIANCE MATRIX AFTER A BOTTLENECK,0,0,10.1554/0014-3820(2002)056[1968:POCITG]2.0.CO;2,"Whitlock, M.C., Phillips, P.C. & Fowler, K. 2002, ""PERSISTENCE OF CHANGES IN THE GENETIC COVARIANCE MATRIX AFTER A BOTTLENECK"", Evolution, vol. 56, no. 10, pp. 1968-1975.",NA,
Wid2002,Brassica.cretica,0,0,1,NA,NA,Widen.et.al.2002,P,P,"Population divergence of genetic (co)variance matrices in a subdivided plant species, Brassica cretica",0,0,10.1046/j.1420-9101.2002.00465.x,"WidÈn, B., Andersson, S., Rao, G., WidÈn, M., Biologiska institutionen, Naturvetenskap, Science, Biodiversitet, Lunds universitet, Biodiversity, Department of Biology & Lund University 2002, ""Population divergence of genetic (co)variance matrices in a subdivided plant species, Brassica cretica"", Journal of Evolutionary Biology, vol. 15, no. 6, pp. 961-970.",NA,
Wil2005,Ovis.canadensis,0,1,1,NA,NA,Wilson.et.al.2005.AmNat,V,A,Ontogenetic Patterns in Heritable Variation for Body Size: Using Random Regression Models in a Wild Ungulate Population,0.5,0,10.1086/497441,"Wilson, A., Kruuk, L.†. & Coltman, D. 2005, ""Ontogenetic Patterns in Heritable Variation for Body Size: Using Random Regression Models in a Wild Ungulate Population"", The American Naturalist, vol. 166, no. 6, pp. E177-E192.",NA,
Wor2000,Eichhornia.paniculata,0,0,1,NA,NA,Worley.Barrett.2000.Evo,P,P,EVOLUTION OF FLORAL DISPLAY IN EICHHORNIA PANICULATA (PONTEDERIACEAE): DIRECT AND CORRELATED RESPONSES TO SELECTION ON FLOWER SIZE AND NUMBER,0.5,1,10.1554/0014-3820(2000)054[1533:EOFDIE]2.0.CO;2,"Worley, A.C. & Spencer C. H. Barrett 2000, ""EVOLUTION OF FLORAL DISPLAY IN EICHHORNIA PANICULATA (PONTEDERIACEAE): DIRECT AND CORRELATED RESPONSES TO SELECTION ON FLOWER SIZE AND NUMBER"", Evolution, vol. 54, no. 5, pp. 1533-1545.",NA,
