Pmatrix,Organism,Raw.data.avilable.on.DRYAD,Gmatrix,cormatrix,directory,data.link,Reference,Taxon1,Taxon2,Title,Pmatrix.1,Means,Paper.Link,full.reference,Email,GmatId,trait.type
And1996.1,Saxifraga.granulata,0,0,1,NA,NA,Andersson.1996.Her,P,P,"Floral variation in Saxifraga granulata: phenotypic selection, quantitative genetics and predicted response to selection",1,1,10.1038/hdy.1996.127,"Andersson, S. 1996, ""Floral variation in Saxifraga granulata: phenotypic selection, quantitative genetics and predicted response to selection"", Heredity, vol. 77, no. 2, pp. 217-223.",NA,And1996.5,S
And1996.1,Saxifraga.granulata,0,0,1,NA,NA,Andersson.1996.Her,P,P,"Floral variation in Saxifraga granulata: phenotypic selection, quantitative genetics and predicted response to selection",1,1,10.1038/hdy.1996.127,"Andersson, S. 1996, ""Floral variation in Saxifraga granulata: phenotypic selection, quantitative genetics and predicted response to selection"", Heredity, vol. 77, no. 2, pp. 217-223.",NA,And1996.6,M
And1997.1,Nigella.degenii,0,1,1,NA,NA,Andersson.1997.BJLS,P,P,Genetic constraints on phenotypic evolution in Nigella (Ranunculaceae),1,0.5,10.1111/j.1095-8312.1997.tb00319.x,"Andersson, S. 1997, ""Genetic constraints on phenotypic evolution in Nigella (Ranunculaceae)"", Biological Journal of the Linnean Society, vol. 62, no. 4, pp. 519-532.",NA,And1997.1,S
And1997.1,Nigella.degenii,0,1,1,NA,NA,Andersson.1997.BJLS,P,P,Genetic constraints on phenotypic evolution in Nigella (Ranunculaceae),1,0.5,10.1111/j.1095-8312.1997.tb00319.x,"Andersson, S. 1997, ""Genetic constraints on phenotypic evolution in Nigella (Ranunculaceae)"", Biological Journal of the Linnean Society, vol. 62, no. 4, pp. 519-532.",NA,And1997.2,M
And1997.1,Nigella.degenii,0,1,1,NA,NA,Andersson.1997.BJLS,P,P,Genetic constraints on phenotypic evolution in Nigella (Ranunculaceae),1,0.5,10.1111/j.1095-8312.1997.tb00319.x,"Andersson, S. 1997, ""Genetic constraints on phenotypic evolution in Nigella (Ranunculaceae)"", Biological Journal of the Linnean Society, vol. 62, no. 4, pp. 519-532.",NA,And1997.3,S
And1997.1,Nigella.degenii,0,1,1,NA,NA,Andersson.1997.BJLS,P,P,Genetic constraints on phenotypic evolution in Nigella (Ranunculaceae),1,0.5,10.1111/j.1095-8312.1997.tb00319.x,"Andersson, S. 1997, ""Genetic constraints on phenotypic evolution in Nigella (Ranunculaceae)"", Biological Journal of the Linnean Society, vol. 62, no. 4, pp. 519-532.",NA,And1997.4,M
Ash1999.1,Fragaria.virginiana,0,0,1,NA,NA,Ashman.1999.Her,P,P,Quantitative genetics of floral traits in a gynodioecious wild strawberry Fragaria virginiana: implications for the independent evolution of female and hermaphrodite floral phenotypes,1,1,10.1038/sj.hdy.6886390,"Ashman, T.L. 1999, ""Quantitative genetics of floral traits in a gynodioecious wild strawberry Fragaria virginiana: implications for the independent evolution of female and hermaphrodite floral phenotypes"", Heredity, vol. 83 ( Pt 6), no. 6, pp. 733-741.",NA,Ash1999.7,S
Ash1999.2,Fragaria.virginiana,0,0,1,NA,NA,Ashman.1999.Her,P,P,Quantitative genetics of floral traits in a gynodioecious wild strawberry Fragaria virginiana: implications for the independent evolution of female and hermaphrodite floral phenotypes,1,1,10.1038/sj.hdy.6886390,"Ashman, T.L. 1999, ""Quantitative genetics of floral traits in a gynodioecious wild strawberry Fragaria virginiana: implications for the independent evolution of female and hermaphrodite floral phenotypes"", Heredity, vol. 83 ( Pt 6), no. 6, pp. 733-741.",NA,Ash1999.8,S
Ash2003.1,Fragaria.virginiana,0,0,1,NA,NA,Ashman.2003.Evo,P,P,CONSTRAINTS ON THE EVOLUTION OF MALES AND SEXUAL DIMORPHISM: FIELD ESTIMATES OF GENETIC ARCHITECTURE OF REPRODUCTIVE TRAITS IN THREE POPULATIONS OF GYNODIOECIOUS FRAGARIA VIRGINIANA,1,1,10.1554/02-493,"Ashman, T. 2003, ""CONSTRAINTS ON THE EVOLUTION OF MALES AND SEXUAL DIMORPHISM: FIELD ESTIMATES OF GENETIC ARCHITECTURE OF REPRODUCTIVE TRAITS IN THREE POPULATIONS OF GYNODIOECIOUS FRAGARIA VIRGINIANA"", Evolution, vol. 57, no. 9, pp. 2012-2025.",NA,Ash2003.9,S
Ash2003.2,Fragaria.virginiana,0,0,1,NA,NA,Ashman.2003.Evo,P,P,CONSTRAINTS ON THE EVOLUTION OF MALES AND SEXUAL DIMORPHISM: FIELD ESTIMATES OF GENETIC ARCHITECTURE OF REPRODUCTIVE TRAITS IN THREE POPULATIONS OF GYNODIOECIOUS FRAGARIA VIRGINIANA,1,1,10.1554/02-493,"Ashman, T. 2003, ""CONSTRAINTS ON THE EVOLUTION OF MALES AND SEXUAL DIMORPHISM: FIELD ESTIMATES OF GENETIC ARCHITECTURE OF REPRODUCTIVE TRAITS IN THREE POPULATIONS OF GYNODIOECIOUS FRAGARIA VIRGINIANA"", Evolution, vol. 57, no. 9, pp. 2012-2025.",NA,Ash2003.10,S
Ash2003.3,Fragaria.virginiana,0,0,1,NA,NA,Ashman.2003.Evo,P,P,CONSTRAINTS ON THE EVOLUTION OF MALES AND SEXUAL DIMORPHISM: FIELD ESTIMATES OF GENETIC ARCHITECTURE OF REPRODUCTIVE TRAITS IN THREE POPULATIONS OF GYNODIOECIOUS FRAGARIA VIRGINIANA,1,1,10.1554/02-493,"Ashman, T. 2003, ""CONSTRAINTS ON THE EVOLUTION OF MALES AND SEXUAL DIMORPHISM: FIELD ESTIMATES OF GENETIC ARCHITECTURE OF REPRODUCTIVE TRAITS IN THREE POPULATIONS OF GYNODIOECIOUS FRAGARIA VIRGINIANA"", Evolution, vol. 57, no. 9, pp. 2012-2025.",NA,Ash2003.11,S
Ash2003.4,Fragaria.virginiana,0,0,1,NA,NA,Ashman.2003.Evo,P,P,CONSTRAINTS ON THE EVOLUTION OF MALES AND SEXUAL DIMORPHISM: FIELD ESTIMATES OF GENETIC ARCHITECTURE OF REPRODUCTIVE TRAITS IN THREE POPULATIONS OF GYNODIOECIOUS FRAGARIA VIRGINIANA,1,1,10.1554/02-493,"Ashman, T. 2003, ""CONSTRAINTS ON THE EVOLUTION OF MALES AND SEXUAL DIMORPHISM: FIELD ESTIMATES OF GENETIC ARCHITECTURE OF REPRODUCTIVE TRAITS IN THREE POPULATIONS OF GYNODIOECIOUS FRAGARIA VIRGINIANA"", Evolution, vol. 57, no. 9, pp. 2012-2025.",NA,Ash2003.12,S
Ash2003.5,Fragaria.virginiana,0,0,1,NA,NA,Ashman.2003.Evo,P,P,CONSTRAINTS ON THE EVOLUTION OF MALES AND SEXUAL DIMORPHISM: FIELD ESTIMATES OF GENETIC ARCHITECTURE OF REPRODUCTIVE TRAITS IN THREE POPULATIONS OF GYNODIOECIOUS FRAGARIA VIRGINIANA,1,1,10.1554/02-493,"Ashman, T. 2003, ""CONSTRAINTS ON THE EVOLUTION OF MALES AND SEXUAL DIMORPHISM: FIELD ESTIMATES OF GENETIC ARCHITECTURE OF REPRODUCTIVE TRAITS IN THREE POPULATIONS OF GYNODIOECIOUS FRAGARIA VIRGINIANA"", Evolution, vol. 57, no. 9, pp. 2012-2025.",NA,Ash2003.13,S
Ash2003.6,Fragaria.virginiana,0,0,1,NA,NA,Ashman.2003.Evo,P,P,CONSTRAINTS ON THE EVOLUTION OF MALES AND SEXUAL DIMORPHISM: FIELD ESTIMATES OF GENETIC ARCHITECTURE OF REPRODUCTIVE TRAITS IN THREE POPULATIONS OF GYNODIOECIOUS FRAGARIA VIRGINIANA,1,1,10.1554/02-493,"Ashman, T. 2003, ""CONSTRAINTS ON THE EVOLUTION OF MALES AND SEXUAL DIMORPHISM: FIELD ESTIMATES OF GENETIC ARCHITECTURE OF REPRODUCTIVE TRAITS IN THREE POPULATIONS OF GYNODIOECIOUS FRAGARIA VIRGINIANA"", Evolution, vol. 57, no. 9, pp. 2012-2025.",NA,Ash2003.14,S
Beg2003.1,Gryllus.pennsylvanicus,0,1,1,NA,NA,Begin.Roff.2003,I,A,The constancy of the G matrix through sepcies divergence and the effects of quantitative genetic constraints on phenotypic evolution: A case study in crickets,1,1,http://www.jstor.org/stable/3448810,"BÈgin, M. & Roff, D.A. 2003, ""THE CONSTANCY OF THE G MATRIX THROUGH SPECIES DIVERGENCE AND THE EFFECTS OF QUANTITATIVE GENETIC CONSTRAINTS ON PHENOTYPIC EVOLUTION: A CASE STUDY IN CRICKETS"", Evolution, vol. 57, no. 5, pp. 1107-1120.",NA,Beg2003.79,M
Beg2003.2,Gryllus.pennsylvanicus,0,1,1,NA,NA,Begin.Roff.2003,I,A,The constancy of the G matrix through sepcies divergence and the effects of quantitative genetic constraints on phenotypic evolution: A case study in crickets,1,1,http://www.jstor.org/stable/3448810,"BÈgin, M. & Roff, D.A. 2003, ""THE CONSTANCY OF THE G MATRIX THROUGH SPECIES DIVERGENCE AND THE EFFECTS OF QUANTITATIVE GENETIC CONSTRAINTS ON PHENOTYPIC EVOLUTION: A CASE STUDY IN CRICKETS"", Evolution, vol. 57, no. 5, pp. 1107-1120.",NA,Beg2003.81,M
Beg2003.3,Gryllus.pennsylvanicus,0,1,1,NA,NA,Begin.Roff.2003,I,A,The constancy of the G matrix through sepcies divergence and the effects of quantitative genetic constraints on phenotypic evolution: A case study in crickets,1,1,http://www.jstor.org/stable/3448810,"BÈgin, M. & Roff, D.A. 2003, ""THE CONSTANCY OF THE G MATRIX THROUGH SPECIES DIVERGENCE AND THE EFFECTS OF QUANTITATIVE GENETIC CONSTRAINTS ON PHENOTYPIC EVOLUTION: A CASE STUDY IN CRICKETS"", Evolution, vol. 57, no. 5, pp. 1107-1120.",NA,Beg2003.83,M
Beg2004.1,Gryllus.firmus,0,1,1,NA,NA,Begin.et.al.2004,I,A,"The effect of temperature and wing morphology on quantitative genetic variation in the cricket Gryllus firmus, with an appendix examining the statistical properties of the Jackknife-MANOVA method of matrix comparison",1,0,10.1111/j.1420-9101.2004.00772.x,"BÈgin, M., Roff, D.A. & Debat, V. 2004, ""The effect of temperature and wing morphology on quantitative genetic variation in the cricket Gryllus firmus, with an appendix examining the statistical properties of the Jackknife-MANOVA method of matrix comparison"", Journal of Evolutionary Biology, vol. 17, no. 6, pp. 1255-1267.",NA,Beg2004.84,M
Beg2004.2,Gryllus.firmus,0,1,1,NA,NA,Begin.et.al.2004,I,A,"The effect of temperature and wing morphology on quantitative genetic variation in the cricket Gryllus firmus, with an appendix examining the statistical properties of the Jackknife-MANOVA method of matrix comparison",1,0,10.1111/j.1420-9101.2004.00772.x,"BÈgin, M., Roff, D.A. & Debat, V. 2004, ""The effect of temperature and wing morphology on quantitative genetic variation in the cricket Gryllus firmus, with an appendix examining the statistical properties of the Jackknife-MANOVA method of matrix comparison"", Journal of Evolutionary Biology, vol. 17, no. 6, pp. 1255-1267.",NA,Beg2004.85,M
Beg2004.3,Gryllus.firmus,0,1,1,NA,NA,Begin.et.al.2004,I,A,"The effect of temperature and wing morphology on quantitative genetic variation in the cricket Gryllus firmus, with an appendix examining the statistical properties of the Jackknife-MANOVA method of matrix comparison",1,0,10.1111/j.1420-9101.2004.00772.x,"BÈgin, M., Roff, D.A. & Debat, V. 2004, ""The effect of temperature and wing morphology on quantitative genetic variation in the cricket Gryllus firmus, with an appendix examining the statistical properties of the Jackknife-MANOVA method of matrix comparison"", Journal of Evolutionary Biology, vol. 17, no. 6, pp. 1255-1267.",NA,Beg2004.86,M
Beg2004.4,Gryllus.firmus,0,1,1,NA,NA,Begin.et.al.2004,I,A,"The effect of temperature and wing morphology on quantitative genetic variation in the cricket Gryllus firmus, with an appendix examining the statistical properties of the Jackknife-MANOVA method of matrix comparison",1,0,10.1111/j.1420-9101.2004.00772.x,"BÈgin, M., Roff, D.A. & Debat, V. 2004, ""The effect of temperature and wing morphology on quantitative genetic variation in the cricket Gryllus firmus, with an appendix examining the statistical properties of the Jackknife-MANOVA method of matrix comparison"", Journal of Evolutionary Biology, vol. 17, no. 6, pp. 1255-1267.",NA,Beg2004.87,M
Beg2004.5,Gryllus.firmus,0,1,1,NA,NA,Begin.et.al.2004,I,A,"The effect of temperature and wing morphology on quantitative genetic variation in the cricket Gryllus firmus, with an appendix examining the statistical properties of the Jackknife-MANOVA method of matrix comparison",1,0,10.1111/j.1420-9101.2004.00772.x,"BÈgin, M., Roff, D.A. & Debat, V. 2004, ""The effect of temperature and wing morphology on quantitative genetic variation in the cricket Gryllus firmus, with an appendix examining the statistical properties of the Jackknife-MANOVA method of matrix comparison"", Journal of Evolutionary Biology, vol. 17, no. 6, pp. 1255-1267.",NA,Beg2004.88,M
Beg2004.6,Gryllus.firmus,0,1,1,NA,NA,Begin.et.al.2004,I,A,"The effect of temperature and wing morphology on quantitative genetic variation in the cricket Gryllus firmus, with an appendix examining the statistical properties of the Jackknife-MANOVA method of matrix comparison",1,0,10.1111/j.1420-9101.2004.00772.x,"BÈgin, M., Roff, D.A. & Debat, V. 2004, ""The effect of temperature and wing morphology on quantitative genetic variation in the cricket Gryllus firmus, with an appendix examining the statistical properties of the Jackknife-MANOVA method of matrix comparison"", Journal of Evolutionary Biology, vol. 17, no. 6, pp. 1255-1267.",NA,Beg2004.89,M
Bon2005.1,Prochyliza.xanthostoma,0,0,1,NA,NA,Bonduriansky.Rowe.2005.Evo,I,A,"SEXUAL SELECTION, GENETIC ARCHITECTURE, AND THE CONDITION DEPENDENCE OF BODY SHAPE IN THE SEXUALLY DIMORPHIC FLY PROCHYLIZA XANTHOSTOMA (PIOPHILIDAE)",1,1,"SEXUAL SELECTION, GENETIC ARCHITECTURE, AND THE CONDITION DEPENDENCE OF BODY SHAPE IN THE SEXUALLY DIMORPHIC FLY PROCHYLIZA XANTHOSTOMA (PIOPHILIDAE)","Bonduriansky, R. & Rowe, L. 2005, ""SEXUAL SELECTION, GENETIC ARCHITECTURE, AND THE CONDITION DEPENDENCE OF BODY SHAPE IN THE SEXUALLY DIMORPHIC FLY PROCHYLIZA XANTHOSTOMA (PIOPHILIDAE)"", Evolution, vol. 59, no. 1, pp. 138-151.",NA,Bon2005.128,M
Bon2005.2,Prochyliza.xanthostoma,0,0,1,NA,NA,Bonduriansky.Rowe.2005.Evo,I,A,"SEXUAL SELECTION, GENETIC ARCHITECTURE, AND THE CONDITION DEPENDENCE OF BODY SHAPE IN THE SEXUALLY DIMORPHIC FLY PROCHYLIZA XANTHOSTOMA (PIOPHILIDAE)",1,1,"SEXUAL SELECTION, GENETIC ARCHITECTURE, AND THE CONDITION DEPENDENCE OF BODY SHAPE IN THE SEXUALLY DIMORPHIC FLY PROCHYLIZA XANTHOSTOMA (PIOPHILIDAE)","Bonduriansky, R. & Rowe, L. 2005, ""SEXUAL SELECTION, GENETIC ARCHITECTURE, AND THE CONDITION DEPENDENCE OF BODY SHAPE IN THE SEXUALLY DIMORPHIC FLY PROCHYLIZA XANTHOSTOMA (PIOPHILIDAE)"", Evolution, vol. 59, no. 1, pp. 138-151.",NA,Bon2005.130,M
Bro2001.1,Poecilia.reticulata,0,1,1,NA,NA,Brooks.Endler.2001.Evo,V,A,FEMALE GUPPIES AGREE TO DIFFER: PHENOTYPIC AND GENETIC VARIATION IN MATE-CHOICE BEHAVIOR AND THE CONSEQUENCES FOR SEXUAL SELECTION,1,1,10.1554/0014-3820(2001)055[1002:DAISSA]2.0,"Brooks, R. & Endler, J.A. 2001, ""DIRECT AND INDIRECT SEXUAL SELECTION AND QUANTITATIVE GENETICS OF MALE TRAITS IN GUPPIES (POECILIA RETICULATA)"", Evolution, vol. 55, no. 5, pp. 1002-1015.",NA,Bro2001.124,S
Bro2001.2,Poecilia.reticulata,0,1,1,NA,NA,Brooks.Endler.2001.Evo,V,A,FEMALE GUPPIES AGREE TO DIFFER: PHENOTYPIC AND GENETIC VARIATION IN MATE-CHOICE BEHAVIOR AND THE CONSEQUENCES FOR SEXUAL SELECTION,1,1,10.1554/0014-3820(2001)055[1002:DAISSA]2.0,"Brooks, R. & Endler, J.A. 2001, ""DIRECT AND INDIRECT SEXUAL SELECTION AND QUANTITATIVE GENETICS OF MALE TRAITS IN GUPPIES (POECILIA RETICULATA)"", Evolution, vol. 55, no. 5, pp. 1002-1015.",NA,Bro2001.125,S
Car2005.1,Lobelia.siphilitica,0,0,1,NA,NA,Caruso.et.al.2005.Evo,P,P,GENETIC VARIANCE AND COVARIANCE FOR PHYSIOLOGICAL TRAITS IN LOBELIA: ARE THERE CONSTRAINTS ON ADAPTIVE EVOLUTION?,1,1,10.1554/04-501,"Caruso, C.M., Maherali, H., Mikulyuk, A., Carlson, K. & Jackson, R.B. 2005, ""GENETIC VARIANCE AND COVARIANCE FOR PHYSIOLOGICAL TRAITS IN LOBELIA: ARE THERE CONSTRAINTS ON ADAPTIVE EVOLUTION?"", Evolution, vol. 59, no. 4, pp. 826-837.",NA,Car2005.157,L
Car2005.2,Lobelia.siphilitica,0,0,1,NA,NA,Caruso.et.al.2005.Evo,P,P,GENETIC VARIANCE AND COVARIANCE FOR PHYSIOLOGICAL TRAITS IN LOBELIA: ARE THERE CONSTRAINTS ON ADAPTIVE EVOLUTION?,1,1,10.1554/04-501,"Caruso, C.M., Maherali, H., Mikulyuk, A., Carlson, K. & Jackson, R.B. 2005, ""GENETIC VARIANCE AND COVARIANCE FOR PHYSIOLOGICAL TRAITS IN LOBELIA: ARE THERE CONSTRAINTS ON ADAPTIVE EVOLUTION?"", Evolution, vol. 59, no. 4, pp. 826-837.",NA,Car2005.158,L
Col1999.1,Achroia.grisella,0,0,1,NA,NA,Collins.et.al.1999.Her,I,A,Quantitative genetics of ultrasonic advertisement signalling in the lesser waxmoth Achroia grisella (Lepidoptera: pyralidae),1,1,10.1038/sj.hdy.6885540,"Collins, R.D., Jang, Y., Reinhold, K. & Greenfield, M.D. 1999, ""Quantitative genetics of ultrasonic advertisement signalling in the lesser waxmoth Achroia grisella (Lepidoptera: pyralidae)"", Heredity, vol. 83 ( Pt 6), no. 6, pp. 644-651.",NA,Col1999.163,S
Col1999.2,Achroia.grisella,0,0,1,NA,NA,Collins.et.al.1999.Her,I,A,Quantitative genetics of ultrasonic advertisement signalling in the lesser waxmoth Achroia grisella (Lepidoptera: pyralidae),1,1,10.1038/sj.hdy.6885540,"Collins, R.D., Jang, Y., Reinhold, K. & Greenfield, M.D. 1999, ""Quantitative genetics of ultrasonic advertisement signalling in the lesser waxmoth Achroia grisella (Lepidoptera: pyralidae)"", Heredity, vol. 83 ( Pt 6), no. 6, pp. 644-651.",NA,Col1999.165,S
Col2005.1,Ovis.canadensis,0,1,1,NA,NA,Coltman.et.al.2005.Evo,V,A,SELECTION AND GENETIC (CO)VARIANCE IN BIGHORN SHEEP,1,0,10.1554/04-134,"Coltman, D.W., O'Donoghue, P., Hogg, J.T. & Festa-Bianchet, M. 2005, ""SELECTION AND GENETIC (CO)VARIANCE IN BIGHORN SHEEP"", Evolution, vol. 59, no. 6, pp. 1372-1382.",NA,Col2005.166,L
Con1992.1,Tribolium.castaneum,0,1,1,NA,NA,Conner.Via.1992.Her,I,A,Natural selection on body size in Tribolium: possible genetic constraints on adaptive evolution,1,1,10.1038/hdy.1992.96,"Conner, J. & Via, S. 1992, ""Natural selection of body size in Tribolium : Possible genetic constraints on adaptive evolution"", Heredity, vol. 69, no. 1, pp. 73-84.",NA,Con1992.170,M
Con1992.2,Tribolium.castaneum,0,1,1,NA,NA,Conner.Via.1992.Her,I,A,Natural selection on body size in Tribolium: possible genetic constraints on adaptive evolution,1,1,10.1038/hdy.1992.96,"Conner, J. & Via, S. 1992, ""Natural selection of body size in Tribolium : Possible genetic constraints on adaptive evolution"", Heredity, vol. 69, no. 1, pp. 73-84.",NA,Con1992.170,M
Cot2004.1,Spodoptera.littoralis,0,0,1,NA,NA,Cotter.et.al.2004.JEB,I,A,Costs of resistance: genetic correlations and potential trade-offs in an insect immune system,1,1,10.1046/j.1420-9101.2003.00655.x,"Cotter, S.C., Kruuk, L.E.B. & Wilson, K. 2004, ""Costs of resistance: genetic correlations and potential trade-offs in an insect immune system"", Journal of Evolutionary Biology, vol. 17, no. 2, pp. 421-429.",NA,Cot2004.179,L
Cow1990.1,Drosophila.melanogaster,0,0,1,NA,NA,Cowley.Atchley.1990.AmNat,I,A,Development and Quantitative Genetics of Correlation Structure Among Body Parts of Drosophila melanogaster,1,0,10.1086/285041,"Cowley, D.E. & Atchley, W.R. 1990, ""Development and Quantitative Genetics of Correlation Structure Among Body Parts of Drosophila melanogaster"", The American Naturalist, vol. 135, no. 2, pp. 242-268.",NA,Cow1990.180,M
Cow1990.2,Drosophila.melanogaster,0,0,1,NA,NA,Cowley.Atchley.1990.AmNat,I,A,Development and Quantitative Genetics of Correlation Structure Among Body Parts of Drosophila melanogaster,1,0,10.1086/285041,"Cowley, D.E. & Atchley, W.R. 1990, ""Development and Quantitative Genetics of Correlation Structure Among Body Parts of Drosophila melanogaster"", The American Naturalist, vol. 135, no. 2, pp. 242-268.",NA,Cow1990.181,M
Del1995.1,Spergularia.marina,0,0,1,NA,NA,Delesalle.Mazer.1995.AJB,P,P,The Structure of Phenotypic Variation in Gender and Floral Traits within and Among Populations of Spergularia marina (Caryophyllaceae),1,1,http://www.jstor.org/stable/2445620,"Delesalle, V.A. & Mazer, S.J. 1995, ""The structure of phenotypic variation in gender and floral traits within and among populations of Spergularia marina (Caryophyllaceae)"", American Journal of Botany, vol. 82, no. 6, pp. 798.",NA,Del1995.186,S
Del1995.2,Spergularia.marina,0,0,1,NA,NA,Delesalle.Mazer.1995.AJB,P,P,The Structure of Phenotypic Variation in Gender and Floral Traits within and Among Populations of Spergularia marina (Caryophyllaceae),1,1,http://www.jstor.org/stable/2445620,"Delesalle, V.A. & Mazer, S.J. 1995, ""The structure of phenotypic variation in gender and floral traits within and among populations of Spergularia marina (Caryophyllaceae)"", American Journal of Botany, vol. 82, no. 6, pp. 798.",NA,Del1995.187,S
Del1995.3,Spergularia.marina,0,0,1,NA,NA,Delesalle.Mazer.1995.AJB,P,P,The Structure of Phenotypic Variation in Gender and Floral Traits within and Among Populations of Spergularia marina (Caryophyllaceae),1,1,http://www.jstor.org/stable/2445620,"Delesalle, V.A. & Mazer, S.J. 1995, ""The structure of phenotypic variation in gender and floral traits within and among populations of Spergularia marina (Caryophyllaceae)"", American Journal of Botany, vol. 82, no. 6, pp. 798.",NA,Del1995.188,S
Del1995.4,Spergularia.marina,0,0,1,NA,NA,Delesalle.Mazer.1995.AJB,P,P,The Structure of Phenotypic Variation in Gender and Floral Traits within and Among Populations of Spergularia marina (Caryophyllaceae),1,1,http://www.jstor.org/stable/2445620,"Delesalle, V.A. & Mazer, S.J. 1995, ""The structure of phenotypic variation in gender and floral traits within and among populations of Spergularia marina (Caryophyllaceae)"", American Journal of Botany, vol. 82, no. 6, pp. 798.",NA,Del1995.189,S
Del2004.1,Silene.latifolia,0,1,1,NA,NA,Delph.et.al.2004,P,P,Investigating the independent evolution of the size of floral organs via G-matrix estimation and artificial selection,1,1,10.1111/j.1525-142X.2004.04052.x,"Delph, L.F., Frey, F.M., Steven, J.C. & Gehring, J.L. 2004, ""Investigating the independent evolution of the size of floral organs via G-matrix estimation and artificial selection"", Evolution & development, vol. 6, no. 6, pp. 438-448.",NA,Del2004.183,S
Del2004.2,Silene.latifolia,0,1,1,NA,NA,Delph.et.al.2004,P,P,Investigating the independent evolution of the size of floral organs via G-matrix estimation and artificial selection,1,1,10.1111/j.1525-142X.2004.04052.x,"Delph, L.F., Frey, F.M., Steven, J.C. & Gehring, J.L. 2004, ""Investigating the independent evolution of the size of floral organs via G-matrix estimation and artificial selection"", Evolution & development, vol. 6, no. 6, pp. 438-448.",NA,Del2004.184,S
Gem2001.1,Trichoplusia.ni,0,1,1,NA,NA,Gemeno.et.al.2001.BG,I,A,"Quantitative genetics of signal evolution: a comparison of the pheromonal signal in two populations of the cabbage looper, Trichoplusia ni",1,1,10.1023/A:1010249310366,"Gemeno, C., Moore, A.J., Preziosi, R.F. & Haynes, K.F. 2001, ""Quantitative genetics of signal evolution: a comparison of the pheromonal signal in two populations of the cabbage looper, Trichoplusia ni"", Behavior genetics, vol. 31, no. 2, pp. 157-165.",NA,Gem2001.472,S
Gem2001.2,Trichoplusia.ni,0,1,1,NA,NA,Gemeno.et.al.2001.BG,I,A,"Quantitative genetics of signal evolution: a comparison of the pheromonal signal in two populations of the cabbage looper, Trichoplusia ni",1,1,10.1023/A:1010249310366,"Gemeno, C., Moore, A.J., Preziosi, R.F. & Haynes, K.F. 2001, ""Quantitative genetics of signal evolution: a comparison of the pheromonal signal in two populations of the cabbage looper, Trichoplusia ni"", Behavior genetics, vol. 31, no. 2, pp. 157-165.",NA,Gem2001.472,S
Goo2003.1,Campanula.rapunculoides,0,0,1,NA,NA,Good-Avila.Stephenson.2003.AmNat,P,P,Parental effects in a partially self-incompatible herb Campanula rapunculoides L. (Campanulaceae): influence of variation in the strength of self-incompatibility on seed set and progeny performance,1,1,10.1086/368290,"Good-Avila, S.V. & Stephenson, A.G. 2003, ""Parental effects in a partially self-incompatible herb Campanula rapunculoides L. (Campanulaceae): influence of variation in the strength of self-incompatibility on seed set and progeny performance"", The American Naturalist, vol. 161, no. 4, pp. 615-630.",NA,Goo2003.205,L
Goo2003.1,Campanula.rapunculoides,0,0,1,NA,NA,Good-Avila.Stephenson.2003.AmNat,P,P,Parental effects in a partially self-incompatible herb Campanula rapunculoides L. (Campanulaceae): influence of variation in the strength of self-incompatibility on seed set and progeny performance,1,1,10.1086/368290,"Good-Avila, S.V. & Stephenson, A.G. 2003, ""Parental effects in a partially self-incompatible herb Campanula rapunculoides L. (Campanulaceae): influence of variation in the strength of self-incompatibility on seed set and progeny performance"", The American Naturalist, vol. 161, no. 4, pp. 615-630.",NA,Goo2003.206,S
Gri1997.1,Harmonia.axyridis,0,0,1,NA,NA,Grill.et.al.1997.Her,I,A,"The genetics of phenotypic plasticity in a colonizing population of the ladybird beetle, Harmonia axyridis",1,1,10.1038/sj.hdy.6881030,"GRILL, C.P., MOORE, A.J. & BRODIE III, E.D. 1997, ""The genetics of phenotypic plasticity in a colonizing population of the ladybird beetle, Harmonia axyridis"", Heredity, vol. 78, no. 3, pp. 261-269.",NA,Gri1997.211,M
Gri1997.2,Harmonia.axyridis,0,0,1,NA,NA,Grill.et.al.1997.Her,I,A,"The genetics of phenotypic plasticity in a colonizing population of the ladybird beetle, Harmonia axyridis",1,1,10.1038/sj.hdy.6881030,"GRILL, C.P., MOORE, A.J. & BRODIE III, E.D. 1997, ""The genetics of phenotypic plasticity in a colonizing population of the ladybird beetle, Harmonia axyridis"", Heredity, vol. 78, no. 3, pp. 261-269.",NA,Gri1997.213,M
Har2001.1,Macadamia.integrifolia,0,0,1,NA,NA,Hardner.et.al.2001.Euphytica,P,P,Genetic parameters for nut and kernel traits in macadamia,1,0.5,10.1023/A:1004016503740,"Hardner, C., Winks, C., Stephenson, R. & Gallagher, E. 2001, ""Genetic parameters for nut and kernel traits in macadamia"", Euphytica, vol. 117, no. 2, pp. 151-161.",NA,Har2001.478,M
Hlu2009.1,Papio.hamadryas,1,1,1,NA, http://dx.doi.org/10.5061/dryad.693j8,Hlusko.Mahaney.2009,V,A,"Quantitative Genetics, Pleiotropy, and Morphological Integration in the Dentition of Papio hamadryas",1,1,10.1007/s11692-008-9048-1,"Hlusko, L.J. & Mahaney, M.C. 2009, ""Quantitative Genetics, Pleiotropy, and Morphological Integration in the Dentition of Papio hamadryas"", Evolutionary Biology, vol. 36, no. 1, pp. 5-18.",NA,Hlu2009.243,M
Hou2005.1,Onthophagus.taurus,0,1,1,NA,NA,House.Simmons.2005.JEB,I,A,The evolution of male genitalia: patterns of genetic variation and covariation in the genital sclerites of the dung beetle Onthophagus taurus,1,1,10.1111/j.1420-9101.2005.00926.x,"House, C.M. & Simmons, L.W. 2005, ""The evolution of male genitalia: patterns of genetic variation and covariation in the genital sclerites of the dung beetle Onthophagus taurus"", Journal of Evolutionary Biology, vol. 18, no. 5, pp. 1281-1292.",NA,Hou2005.226,M
Hug1995.1,Drosophila.melanogaster,0,0,1,NA,NA,Hughes.et.al.1995.Evo,I,A,The evolutionary genetics of male life-history characters in Drosophila melanogaster,1,1,,"Hughes, K.A. 1995, ""The evolutionary genetics of male life-history characters in Drosophila melanogaster"", Evolution, vol. 49, no. 3, pp. 521.",NA,Hug1995.227,L
Imb2001.1,Crepis.sancta,0,0,1,NA,NA,Imbert.2001.Her,P,P,"Capitulum characters in a seed heteromorphic plant, Crepis sancta (Asteraceae): variance partitioning and inference for the evolution of dispersal rate",1,1,10.1046/j.1365-2540.2001.00812.x,"Imbert, E. 2001, ""Capitulum characters in a seed heteromorphic plant, Crepis sancta (Asteraceae): variance partitioning and inference for the evolution of dispersal rate"", Heredity, vol. 86, no. Pt 1, pp. 78-86.",NA,Imb2001.245,S
Jen2003.1,Passer.domesticus,0,1,1,NA,NA,Jensen.et.al.2003,V,A,Sexual variation in heritability and genetic correlations of morphological traits in house sparrow (Passer domesticus),1,1,10.1046/j.1420-9101.2003.00614.x,"Jensen, H., Saether, B.E., Ringsby, T.H., Tufto, J., Griffith, S.C. & Ellegren, H. 2003, ""Sexual variation in heritability and genetic correlations of morphological traits in house sparrow (Passer domesticus)"", Journal of Evolutionary Biology, vol. 16, no. 6, pp. 1296-1307.",NA,Jen2003.246,M
Jen2003.2,Passer.domesticus,0,1,1,NA,NA,Jensen.et.al.2003,V,A,Sexual variation in heritability and genetic correlations of morphological traits in house sparrow (Passer domesticus),1,1,10.1046/j.1420-9101.2003.00614.x,"Jensen, H., Saether, B.E., Ringsby, T.H., Tufto, J., Griffith, S.C. & Ellegren, H. 2003, ""Sexual variation in heritability and genetic correlations of morphological traits in house sparrow (Passer domesticus)"", Journal of Evolutionary Biology, vol. 16, no. 6, pp. 1296-1307.",NA,Jen2003.247,M
Jen2003.3,Passer.domesticus,0,1,1,NA,NA,Jensen.et.al.2003,V,A,Sexual variation in heritability and genetic correlations of morphological traits in house sparrow (Passer domesticus),1,1,10.1046/j.1420-9101.2003.00614.x,"Jensen, H., Saether, B.E., Ringsby, T.H., Tufto, J., Griffith, S.C. & Ellegren, H. 2003, ""Sexual variation in heritability and genetic correlations of morphological traits in house sparrow (Passer domesticus)"", Journal of Evolutionary Biology, vol. 16, no. 6, pp. 1296-1307.",NA,Jen2003.248,M
Kac2008.1,Innicotiana.alata,0,1,1,NA,NA,Kaczorowski.et.al.2008,P,P,HERITABILITY AND CORRELATION STRUCTURE OF NECTAR AND FLORAL MORPHOLOGY TRAITS INNICOTIANA ALATA,1,1,10.1111/j.1558-5646.2008.00400.x,"Kaczorowski, R.L., Juenger, T.E. & Holtsford, T.P. 2008, ""HERITABILITY AND CORRELATION STRUCTURE OF NECTAR AND FLORAL MORPHOLOGY TRAITS INNICOTIANA ALATA"", Evolution, vol. 62, no. 7, pp. 1738-1750.",NA,Kac2008.256,S
Kau2002.1,Oncorhynchus.mykiss,0,0,1,NA,NA,Kause.et.al.2002.Aqua,V,A,Coupling body weight and its composition: a quantitative genetic analysis in rainbow trout,1,1,10.1016/S0044-8486(01)00884-5,"Kause, A., Ritola, O., Paananen, T., M‰ntysaari, E. & Eskelinen, U. 2002, ""Coupling body weight and its composition: a quantitative genetic analysis in rainbow trout"", Aquaculture, vol. 211, no. 1, pp. 65-79.",NA,Kau2002.479,L
Kim2010.1,Taeniopygia.guttata,0,1,1,NA,NA,Kim.et.al.2010,V,A,GENETIC CORRELATION BETWEEN RESISTANCE TO OXIDATIVE STRESS AND REPRODUCTIVE LIFE SPAN IN A BIRD SPECIES,1,1,10.1111/j.1558-5646.2009.00862.x,"Kim, S., Velando, A., Sorci, G. & Alonso-Alvarez, C. 2010, ""GENETIC CORRELATION BETWEEN RESISTANCE TO OXIDATIVE STRESS AND REPRODUCTIVE LIFE SPAN IN A BIRD SPECIES"", Evolution, vol. 64, no. 3, pp. 852-857.",NA,Kim2010.257,L
Len2003.1,Phlox.drummondii,0,0,1,NA,NA,Lendvai.Levin.2003.Her,P,P,Rapid response to artificial selection on flower size in Phlox,1,1,10.1038/sj.hdy.6800249,"Lendvai, G. & Levin, D.A. 2003, ""Rapid response to artificial selection on flower size in Phlox"", Heredity, vol. 90, no. 4, pp. 336-342.",NA,Len2003.258,S
McG2007.1,Drosophila.bunnanda,0,0,1,NA,NA,McGuigan.Blows.2007.Evo,I,A,THE PHENOTYPIC AND GENETIC COVARIANCE STRUCTURE OF DROSPHILID WINGS,1,0,10.1111/j.1558-5646.2007.00078.x,"McGuigan, K. & Blows, M.W. 2007, ""THE PHENOTYPIC AND GENETIC COVARIANCE STRUCTURE OF DROSPHILID WINGS"", Evolution, vol. 61, no. 4, pp. 902-911.",NA,McG2007.274,M
McG2007.2,Drosophila.bunnanda,0,0,1,NA,NA,McGuigan.Blows.2007.Evo,I,A,THE PHENOTYPIC AND GENETIC COVARIANCE STRUCTURE OF DROSPHILID WINGS,1,0,10.1111/j.1558-5646.2007.00078.x,"McGuigan, K. & Blows, M.W. 2007, ""THE PHENOTYPIC AND GENETIC COVARIANCE STRUCTURE OF DROSPHILID WINGS"", Evolution, vol. 61, no. 4, pp. 902-911.",NA,McG2007.276,M
Mil2000.1,Ovis.aries,0,0,1,NA,NA,Milner.et.al.2000.JEB,V,A,Estimating variance components and heritabilities in the wild: a case study using the Åeanimal modelÅf approach,1,1,10.1046/j.1420-9101.2000.00222.x,"Milner, Pemberton, Brotherstone & Albon 2000, ""Estimating variance components and heritabilities in the wild: a case study using the Åeanimal modelÅf approach"", Journal of Evolutionary Biology, vol. 13, no. 5, pp. 804-813.",NA,Mil2000.294,M
Mil2000.2,Ovis.aries,0,0,1,NA,NA,Milner.et.al.2000.JEB,V,A,Estimating variance components and heritabilities in the wild: a case study using the Åeanimal modelÅf approach,1,1,10.1046/j.1420-9101.2000.00222.x,"Milner, Pemberton, Brotherstone & Albon 2000, ""Estimating variance components and heritabilities in the wild: a case study using the Åeanimal modelÅf approach"", Journal of Evolutionary Biology, vol. 13, no. 5, pp. 804-813.",NA,Mil2000.295,M
Mit1993.1,Penstemon.centranthifolius,0,1,1,NA,NA,Mitchell.Shaw.1993.Her,P,P,Heritability of floral traits for the perennial wild flower Penstemon centranthifolius (Scrophulariaceae): clones and crosses,1,1,10.1038/hdy.1993.123,"Mitchell, R.J. & Shaw, R.G. 1993, ""Heritability of floral traits for the perennial wild flower Penstemon centranthifolius (Scrophulariaceae): clones and crosses"", Heredity, vol. 71, no. 2, pp. 185-192.",NA,Mit1993.291,S
Moo2004.1,Nauphoeta.cinerea,0,1,1,NA,NA,Moore.et.al.2004.Evo,I,A,CONSTRAINTS ON EVOLUTION AND POSTCOPULATORY SEXUAL SELECTION: TRADE-OFFS AMONG EJACULATE CHARACTERISTICS,1,1,10.1554/04-116,"Moore, P.J., Harris, W.E., Montrose, V.T., Levin, D. & Moore, A.J. 2004, ""CONSTRAINTS ON EVOLUTION AND POSTCOPULATORY SEXUAL SELECTION: TRADE-OFFS AMONG EJACULATE CHARACTERISTICS"", Evolution, vol. 58, no. 8, pp. 1773-1780.",NA,Moo2004.297,S
Muh1996.1,Scathophaga.stercoraria,0,0,1,NA,NA,Muhlhauser.et.al.1996.AB,I,A,The genetic component of copula duration in the yellow dung fly,1,1,10.1006/anbe.1996.0143,"MUHLHAUSER, C., BLANCKENHORN, W.U. & WARD, P.I. 1996, ""The genetic component of copula duration in the yellow dung fly"", Animal Behaviour, vol. 51, no. 6, pp. 1401-1407.",NA,Muh1996.290,M
Nes2005.1,Phyllotis.darwini,0,1,1,NA,NA,Nespolo.et.al.2005,V,A,"QUANTITATIVE GENETICS OF BIOENERGETICS AND GROWTH-RELATED TRAITS IN THE WILD MAMMAL, PHYLLOTIS DARWINI",1,1,10.1554/04-408.1,"Nespolo, R.F., Bustamante, D.M., Bacigalupe, L.D. & Bozinovic, F. 2005, ""QUANTITATIVE GENETICS OF BIOENERGETICS AND GROWTH-RELATED TRAITS IN THE WILD MAMMAL, PHYLLOTIS DARWINI"", Evolution, vol. 59, no. 8, pp. 1829-1837.",NA,Nes2005.299,L
Nor2000.1,Drosophila.buzzatii,0,0,1,NA,NA,Norry.et.al.2000.Her,I,A,"Negative genetic correlation between traits of the Drosophila head, and interspecific divergence in head shape",1,1,10.1046/j.1365-2540.2000.00735.x,"Norry, F.M., Vilardi, J.C. & Hasson, E. 2000, ""Negative genetic correlation between traits of the Drosophila head, and interspecific divergence in head shape"", Heredity, vol. 85 ( Pt 2), no. 2, pp. 177-183.",NA,Nor2000.304,M
Phi1998.1,Rana.sylvatica,0,1,1,NA,NA,Phillips.1998.JEB,V,A,"Genetic constraints at the metamorphic boundary: Morphological development in the wood frog, Rana sylvatica",1,1,10.1046/j.1420-9101.1998.11040453.x,"Phillips, P.C. 1998, ""Genetic constraints at the metamorphic boundary: Morphological development in the wood frog, Rana sylvatica"", Journal of Evolutionary Biology, vol. 11, no. 4, pp. 453-463.",NA,Phi1998.333,M
Pol2004.1,Drosophila.bipectinata,0,0,1,NA,NA,Polak.et.al.2004.Evo,I,A,SEXUAL SELECTION FOR SIZE AND SYMMETRY IN A DIVERSIFYING SECONDARY SEXUAL CHARACTER IN DROSOPHILA BIPECTINATA DUDA (DIPTERA: DROSOPHILIDAE),1,1,10.1554/03-459,"Polak, M., Starmer, W.T. & Wolf, L.L. 2004, ""SEXUAL SELECTION FOR SIZE AND SYMMETRY IN A DIVERSIFYING SECONDARY SEXUAL CHARACTER IN DROSOPHILA BIPECTINATA DUDA (DIPTERA: DROSOPHILIDAE)"", Evolution, vol. 58, no. 3, pp. 597-607.",NA,Pol2004.321,S
Pol2004.2,Drosophila.bipectinata,0,0,1,NA,NA,Polak.et.al.2004.Evo,I,A,SEXUAL SELECTION FOR SIZE AND SYMMETRY IN A DIVERSIFYING SECONDARY SEXUAL CHARACTER IN DROSOPHILA BIPECTINATA DUDA (DIPTERA: DROSOPHILIDAE),1,1,10.1554/03-459,"Polak, M., Starmer, W.T. & Wolf, L.L. 2004, ""SEXUAL SELECTION FOR SIZE AND SYMMETRY IN A DIVERSIFYING SECONDARY SEXUAL CHARACTER IN DROSOPHILA BIPECTINATA DUDA (DIPTERA: DROSOPHILIDAE)"", Evolution, vol. 58, no. 3, pp. 597-607.",NA,Pol2004.323,S
Pre1998.1,Aquarius.remigis,0,0,1,NA,NA,Preziosi.Roff.1998.Her,I,A,Evidence of genetic isolation between sexually monomorphic and sexually dimorphic traits in the water strider Aquarius remigis,1,0,10.1046/j.1365-2540.1998.00380.x,"Preziosi, R.F. & Roff, D.A. 1998, ""Evidence of genetic isolation between sexually monomorphic and sexually dimorphic traits in the water strider Aquarius remigis"", Heredity, vol. 81, no. 1, pp. 92-99.",NA,Pre1998.334,M
Pre1998.2,Aquarius.remigis,0,0,1,NA,NA,Preziosi.Roff.1998.Her,I,A,Evidence of genetic isolation between sexually monomorphic and sexually dimorphic traits in the water strider Aquarius remigis,1,0,10.1046/j.1365-2540.1998.00380.x,"Preziosi, R.F. & Roff, D.A. 1998, ""Evidence of genetic isolation between sexually monomorphic and sexually dimorphic traits in the water strider Aquarius remigis"", Heredity, vol. 81, no. 1, pp. 92-99.",NA,Pre1998.336,M
Rau2002.1,Nicrophorus.pustulatus,0,0,1,NA,NA,Rauter.Moore.2002.Evo,I,A,QUANTITATIVE GENETICS OF GROWTH AND DEVELOPMENT TIME IN THE BURYING BEETLE NICROPHORUS PUSTULATUS IN THE PRESENCE AND ABSENCE OF POST-HATCHING PARENTAL CARE,1,0.5,10.1554/0014-3820(2002)056[0096:QGOGAD]2.0.CO;2,"Rauter, C.M. & Moore, A.J. 2002, ""QUANTITATIVE GENETICS OF GROWTH AND DEVELOPMENT TIME IN THE BURYING BEETLE NICROPHORUS PUSTULATUS IN THE PRESENCE AND ABSENCE OF POST-HATCHING PARENTAL CARE"", Evolution, vol. 56, no. 1, pp. 96-110.",NA,Rau2002.339,L
Rau2002.2,Nicrophorus.pustulatus,0,0,1,NA,NA,Rauter.Moore.2002.Evo,I,A,QUANTITATIVE GENETICS OF GROWTH AND DEVELOPMENT TIME IN THE BURYING BEETLE NICROPHORUS PUSTULATUS IN THE PRESENCE AND ABSENCE OF POST-HATCHING PARENTAL CARE,1,0.5,10.1554/0014-3820(2002)056[0096:QGOGAD]2.0.CO;2,"Rauter, C.M. & Moore, A.J. 2002, ""QUANTITATIVE GENETICS OF GROWTH AND DEVELOPMENT TIME IN THE BURYING BEETLE NICROPHORUS PUSTULATUS IN THE PRESENCE AND ABSENCE OF POST-HATCHING PARENTAL CARE"", Evolution, vol. 56, no. 1, pp. 96-110.",NA,Rau2002.341,L
Rea2000.1,Ovis.canadiensis,0,0,1,NA,NA,Reale.Festa-Bianchet.2000.Her,V,A,Quantitative genetics of life-history traits in a long-lived wild mammal,1,1,10.1046/j.1365-2540.2000.00795.x,"Reale, D. & Festa-Bianchet, M. 2000, ""Quantitative genetics of life-history traits in a long-lived wild mammal"", Heredity, vol. 85, no. 6, pp. 593-603.",NA,Rea2000.342,L
Rea2002.1,Gryllus.firmus,0,0,1,NA,NA,Reale.Roff.2002.AB,I,A,Quantitative genetics of oviposition behaviour and interactions among oviposition traits in the sand cricket,1,1,10.1006/anbe.2002.3084,"Reale, D. & Roff, D.A. 2002, ""Quantitative genetics of oviposition behaviour and interactions among oviposition traits in the sand cricket"", Animal Behaviour, vol. 64, no. 3, pp. 397-406.",NA,Rea2002.344,M
Rod2003.1,Achroia.grisella,0,0,1,NA,NA,Rodriguez.Greenfield.2003.Evo,I,A,GENETIC VARIANCE AND PHENOTYPIC PLASTICITY IN A COMPONENT OF FEMALE MATE CHOICE IN AN ULTRASONIC MOTH,1,1,10.1554/02-446,"Rodriguez, R.L. & Greenfield, M.D. 2003, ""GENETIC VARIANCE AND PHENOTYPIC PLASTICITY IN A COMPONENT OF FEMALE MATE CHOICE IN AN ULTRASONIC MOTH"", Evolution, vol. 57, no. 6, pp. 1304-1313.",NA,Rod2003.349,M
Rod2003.2,Achroia.grisella,0,0,1,NA,NA,Rodriguez.Greenfield.2003.Evo,I,A,GENETIC VARIANCE AND PHENOTYPIC PLASTICITY IN A COMPONENT OF FEMALE MATE CHOICE IN AN ULTRASONIC MOTH,1,1,10.1554/02-446,"Rodriguez, R.L. & Greenfield, M.D. 2003, ""GENETIC VARIANCE AND PHENOTYPIC PLASTICITY IN A COMPONENT OF FEMALE MATE CHOICE IN AN ULTRASONIC MOTH"", Evolution, vol. 57, no. 6, pp. 1304-1313.",NA,Rod2003.351,M
San2003.1,Encelia.farinosa,0,0,1,NA,NA,Sandquist.Ehleringer.2003.AJB,P,P,"Population- and Family-Level Variation of Brittlebush (Encelia farinosa, Asteraceae) Pubescence: Its Relation to Drought and Implications for Selection in Variable Environments",1,1,10.3732/ajb.90.10.1481,"Sandquist, D.R. & Ehleringer, J.R. 2003, ""Population- and Family-Level Variation of Brittlebush (Encelia farinosa, Asteraceae) Pubescence: Its Relation to Drought and Implications for Selection in Variable Environments"", American Journal of Botany, vol. 90, no. 10, pp. 1481-1486.",NA,San2003.374,L
San2003.2,Encelia.farinosa,0,0,1,NA,NA,Sandquist.Ehleringer.2003.AJB,P,P,"Population- and Family-Level Variation of Brittlebush (Encelia farinosa, Asteraceae) Pubescence: Its Relation to Drought and Implications for Selection in Variable Environments",1,1,10.3732/ajb.90.10.1481,"Sandquist, D.R. & Ehleringer, J.R. 2003, ""Population- and Family-Level Variation of Brittlebush (Encelia farinosa, Asteraceae) Pubescence: Its Relation to Drought and Implications for Selection in Variable Environments"", American Journal of Botany, vol. 90, no. 10, pp. 1481-1486.",NA,San2003.375,L
San2003.3,Encelia.farinosa,0,0,1,NA,NA,Sandquist.Ehleringer.2003.AJB,P,P,"Population- and Family-Level Variation of Brittlebush (Encelia farinosa, Asteraceae) Pubescence: Its Relation to Drought and Implications for Selection in Variable Environments",1,1,10.3732/ajb.90.10.1481,"Sandquist, D.R. & Ehleringer, J.R. 2003, ""Population- and Family-Level Variation of Brittlebush (Encelia farinosa, Asteraceae) Pubescence: Its Relation to Drought and Implications for Selection in Variable Environments"", American Journal of Botany, vol. 90, no. 10, pp. 1481-1486.",NA,San2003.376,L
Sch1992.1,Gutierrezia.microcephala,0,0,1,NA,NA,Schuster.et.al.1992.AJB,P,P,Heritability of Carbon Isotope Discrimination in Gutierrezia microcephala (Asteraceae),1,1,10.2307/2445110,"Schuster, W.S.F., Phillips, S.L., Sandquist, D.R. & Ehleringer, J.R. 1992, ""Heritability of Carbon Isotope Discrimination in Gutierrezia microcephala (Asteraceae)"", American Journal of Botany, vol. 79, no. 2, pp. 216-221.",NA,Sch1992.380,M
She2003.1,Ficedula.albicollis,0,0,1,NA,NA,Sheldon.et.al.2003.Evo,V,A,NATURAL SELECTION AND INHERITANCE OF BREEDING TIME AND CLUTCH SIZE IN THE COLLARED FLYCATCHER,1,0,10.1554/0014-3820(2003)057[0406:NSAIOB]2.0.CO;2,"Sheldon, B.C., L. E B. Kruuk & Merila, J. 2003, ""NATURAL SELECTION AND INHERITANCE OF BREEDING TIME AND CLUTCH SIZE IN THE COLLARED FLYCATCHER"", Evolution, vol. 57, no. 2, pp. 406-420.",NA,She2003.402,L
She2003.1,Ficedula.albicollis,0,0,1,NA,NA,Sheldon.et.al.2003.Evo,V,A,NATURAL SELECTION AND INHERITANCE OF BREEDING TIME AND CLUTCH SIZE IN THE COLLARED FLYCATCHER,1,0,10.1554/0014-3820(2003)057[0406:NSAIOB]2.0.CO;2,"Sheldon, B.C., L. E B. Kruuk & Merila, J. 2003, ""NATURAL SELECTION AND INHERITANCE OF BREEDING TIME AND CLUTCH SIZE IN THE COLLARED FLYCATCHER"", Evolution, vol. 57, no. 2, pp. 406-420.",NA,She2003.404,M
Ste2007.1,Silene.latifolia,0,0,1,NA,NA,Steven.et.al.2007.Evo,P,P,"SEXUAL DIMORPHISM IN THE QUANTITATIVE-GENETIC ARCHITECTURE OF FLORAL, LEAF, AND ALLOCATION TRAITS IN SILENE LATIFOLIA",1,0,10.1111/j.1558-5646.2007.00004.x,"Steven, J.C., Delph, L.F. & Edmund D. Brodie III 2007, ""SEXUAL DIMORPHISM IN THE QUANTITATIVE-GENETIC ARCHITECTURE OF FLORAL, LEAF, AND ALLOCATION TRAITS IN SILENE LATIFOLIA"", Evolution, vol. 61, no. 1, pp. 42-57.",NA,Ste2007.414,S
Ste2007.1,Silene.latifolia,0,0,1,NA,NA,Steven.et.al.2007.Evo,P,P,"SEXUAL DIMORPHISM IN THE QUANTITATIVE-GENETIC ARCHITECTURE OF FLORAL, LEAF, AND ALLOCATION TRAITS IN SILENE LATIFOLIA",1,0,10.1111/j.1558-5646.2007.00004.x,"Steven, J.C., Delph, L.F. & Edmund D. Brodie III 2007, ""SEXUAL DIMORPHISM IN THE QUANTITATIVE-GENETIC ARCHITECTURE OF FLORAL, LEAF, AND ALLOCATION TRAITS IN SILENE LATIFOLIA"", Evolution, vol. 61, no. 1, pp. 42-57.",NA,Ste2007.415,M
Ste2007.2,Silene.latifolia,0,0,1,NA,NA,Steven.et.al.2007.Evo,P,P,"SEXUAL DIMORPHISM IN THE QUANTITATIVE-GENETIC ARCHITECTURE OF FLORAL, LEAF, AND ALLOCATION TRAITS IN SILENE LATIFOLIA",1,0,10.1111/j.1558-5646.2007.00004.x,"Steven, J.C., Delph, L.F. & Edmund D. Brodie III 2007, ""SEXUAL DIMORPHISM IN THE QUANTITATIVE-GENETIC ARCHITECTURE OF FLORAL, LEAF, AND ALLOCATION TRAITS IN SILENE LATIFOLIA"", Evolution, vol. 61, no. 1, pp. 42-57.",NA,Ste2007.416,S
Ste2007.2,Silene.latifolia,0,0,1,NA,NA,Steven.et.al.2007.Evo,P,P,"SEXUAL DIMORPHISM IN THE QUANTITATIVE-GENETIC ARCHITECTURE OF FLORAL, LEAF, AND ALLOCATION TRAITS IN SILENE LATIFOLIA",1,0,10.1111/j.1558-5646.2007.00004.x,"Steven, J.C., Delph, L.F. & Edmund D. Brodie III 2007, ""SEXUAL DIMORPHISM IN THE QUANTITATIVE-GENETIC ARCHITECTURE OF FLORAL, LEAF, AND ALLOCATION TRAITS IN SILENE LATIFOLIA"", Evolution, vol. 61, no. 1, pp. 42-57.",NA,Ste2007.417,M
Wat2001.1,Hyla.regilla,0,1,1,NA,NA,Watkins.2001.Evo,V,A,"A QUANTITATIVE GENETIC TEST OF ADAPTIVE DECOUPLING ACROSS METAMORPHOSIS FOR LOCOMOTOR AND LIFE-HISTORY TRAITS IN THE PACIFIC TREE FROG, HYLA REGILLA",1,1,10.1554/0014-3820(2001)055[1668:AQGTOA]2.0.CO;2,"Watkins, T.B. 2001, ""A QUANTITATIVE GENETIC TEST OF ADAPTIVE DECOUPLING ACROSS METAMORPHOSIS FOR LOCOMOTOR AND LIFE-HISTORY TRAITS IN THE PACIFIC TREE FROG, HYLA REGILLA"", Evolution, vol. 55, no. 8, pp. 1668-1677.",NA,Wat2001.434,M
